order_id,product_id,quantity,unit_price
1,58,1,721.07
2,84,1,80.98
3,90,1,40.8
4,43,1,36.08
4,114,1,277.47
4,98,1,159.95
5,56,2,37.2
5,95,2,90.44
5,52,1,138.91
6,64,3,24.03
7,40,1,120.67
8,75,1,357.28
8,84,1,79.4
9,95,1,99.62
10,5,1,68.26
10,87,1,202.45
10,110,2,82.24
10,15,1,252.7
11,68,1,144.27
11,95,1,106.35
12,112,1,187.03
12,68,2,147.8
13,25,1,83.41
13,92,1,31.74
13,70,1,279.25
13,94,1,57.08
14,31,1,52.52
14,36,1,58.85
14,35,1,269.18
15,115,2,88.92
16,54,1,66.32
17,10,2,240.9
17,86,1,47.82
18,75,1,418.83
18,49,2,91.96
18,99,1,242.2
19,56,1,41.74
19,71,1,78.02
19,22,2,50.29
19,96,1,63.0
20,54,1,68.65
21,80,2,144.37
21,33,2,102.84
22,85,1,19.23
23,29,1,190.71
24,18,1,75.86
24,109,1,109.14
24,106,1,106.45
25,59,1,203.81
25,11,1,79.8
26,69,3,35.9
27,99,2,231.5
27,97,1,96.1
27,65,2,323.47
28,28,1,58.07
28,91,2,38.78
29,61,1,127.89
30,10,3,227.29
31,8,1,89.08
31,39,1,74.09
32,80,1,136.45
32,94,1,61.29
33,19,1,58.12
34,53,2,31.96
35,61,1,143.08
36,25,2,71.83
36,118,1,112.71
36,22,1,46.11
36,7,2,5.49
37,41,1,56.24
38,90,1,40.3
39,113,1,85.7
39,96,1,70.38
39,107,2,82.44
40,42,1,35.07
41,76,2,37.16
42,25,1,79.93
43,27,1,277.89
44,94,1,55.34
44,77,1,211.28
45,81,1,263.84
45,87,1,220.17
46,60,1,797.49
47,77,1,204.18
47,114,1,313.9
47,18,1,76.9
48,90,1,45.14
49,30,1,67.16
50,6,2,47.11
50,99,2,242.06
51,39,1,78.71
51,65,1,323.23
51,32,1,11.16
52,98,1,162.93
52,114,2,322.66
53,61,1,121.48
54,66,1,613.84
54,84,1,74.77
55,42,1,33.17
56,120,1,66.68
57,104,1,218.27
57,9,1,34.92
58,108,2,238.79
58,40,3,107.56
58,55,1,113.38
59,100,1,6.29
59,92,1,33.55
59,61,1,133.26
60,31,2,56.55
60,34,3,78.13
60,12,1,85.4
61,83,1,277.49
62,35,1,272.67
62,106,1,105.58
62,98,1,193.08
63,103,3,135.44
63,55,2,113.86
64,16,2,594.76
64,18,1,87.98
64,72,1,58.27
65,48,1,265.84
66,102,1,70.08
67,48,2,264.82
67,43,1,36.16
68,103,1,140.25
68,94,1,64.94
68,4,1,101.64
69,48,1,289.1
69,44,2,35.93
70,92,2,30.67
71,73,1,326.03
72,19,1,67.2
73,35,1,264.66
73,95,1,100.1
74,17,1,58.39
74,99,1,224.79
75,52,1,141.52
76,105,1,58.52
76,113,1,92.13
76,36,1,56.54
77,78,3,95.96
78,93,3,37.16
79,73,1,325.03
80,98,1,158.66
80,56,1,38.08
80,81,1,250.85
81,91,1,36.17
82,3,2,66.5
82,18,2,74.09
82,36,1,54.53
83,113,1,90.69
83,73,1,303.66
83,61,1,127.36
84,92,3,30.74
85,97,1,103.37
85,88,1,31.84
86,103,2,124.35
87,100,1,5.91
88,116,2,238.24
88,12,2,84.4
89,98,1,192.91
89,19,1,56.87
89,8,1,82.52
90,79,1,6.15
90,75,2,428.87
91,57,1,115.45
92,28,1,65.09
92,69,1,35.67
92,74,1,116.2
93,10,1,240.66
93,67,2,44.58
94,63,1,90.89
94,77,1,213.65
94,79,3,6.71
95,92,1,30.44
95,40,1,115.58
95,78,1,106.06
96,18,1,85.57
97,58,1,652.97
98,59,1,183.81
99,4,1,99.74
99,12,1,83.38
100,80,2,127.01
101,46,1,385.96
102,9,3,33.59
102,100,1,5.78
103,46,1,344.72
104,34,1,71.08
105,52,1,155.04
106,110,2,95.84
106,28,1,60.64
106,39,1,76.07
107,69,1,37.41
107,66,1,577.95
108,111,1,29.46
108,53,1,28.47
108,25,1,73.6
109,84,3,74.96
110,101,1,777.06
111,65,3,378.38
111,30,2,66.93
112,54,3,61.57
112,7,2,4.62
113,2,1,47.13
114,51,1,245.11
114,35,3,246.93
115,89,1,701.94
116,96,1,74.84
117,24,1,98.19
118,111,1,27.69
119,17,1,56.76
120,94,1,56.13
120,118,1,123.6
120,88,1,31.68
121,99,1,252.24
122,110,1,89.6
123,32,3,10.88
123,27,1,272.21
124,99,1,270.16
125,21,2,242.95
126,11,1,92.3
126,9,1,34.71
126,29,1,185.7
126,34,2,72.87
127,31,1,61.65
127,82,1,738.55
128,21,1,233.21
128,71,2,79.0
128,53,2,30.88
128,109,1,117.07
129,55,1,118.83
130,6,1,48.51
130,91,2,39.81
130,70,1,321.94
131,109,1,112.29
132,14,2,411.56
133,36,3,54.1
134,90,1,38.22
134,24,1,98.52
135,34,3,76.35
136,93,1,42.85
137,64,1,23.78
137,36,1,53.74
138,56,2,36.21
139,84,1,71.84
140,69,1,35.33
140,32,1,10.56
141,13,2,434.17
141,59,1,209.94
141,54,1,71.0
142,21,1,229.19
142,113,1,87.2
143,66,1,655.97
143,99,1,236.57
143,56,1,38.79
144,2,1,45.87
145,33,1,104.32
145,18,1,88.93
146,90,1,42.01
147,67,1,47.86
147,100,1,5.97
147,14,1,481.79
148,48,1,249.55
149,105,1,63.2
150,24,1,98.45
151,74,1,106.54
151,11,1,79.97
152,15,1,270.66
152,97,2,107.14
152,108,1,223.3
153,115,1,95.02
154,50,1,27.91
155,118,2,125.5
155,54,2,67.6
155,33,1,94.76
155,43,1,31.24
156,70,1,326.79
157,78,1,104.46
158,47,1,88.0
159,80,1,130.18
160,46,1,370.08
161,1,1,175.96
162,19,1,56.37
162,28,1,59.1
163,70,2,309.13
163,56,2,37.76
164,55,1,105.33
164,28,1,64.93
164,40,1,124.03
164,64,1,23.02
165,106,1,101.2
165,15,1,268.17
166,107,1,90.07
167,96,1,68.99
168,120,1,63.13
168,101,2,817.89
169,103,1,127.95
169,46,2,346.36
170,18,1,81.22
170,100,1,6.1
171,60,2,722.48
172,38,2,197.25
172,18,1,79.71
173,109,2,104.52
174,35,1,260.79
175,68,1,128.42
175,74,1,123.7
176,10,1,212.75
177,22,1,47.46
178,29,1,179.23
179,76,1,32.9
180,117,1,64.01
180,24,2,90.74
181,12,2,85.44
182,13,2,515.56
182,17,1,66.87
182,43,1,35.91
183,12,1,84.42
184,10,3,244.58
184,26,2,231.65
185,84,1,76.43
185,109,1,106.3
186,12,1,90.98
186,93,1,38.24
186,2,1,44.67
187,66,2,611.4
188,32,2,10.09
189,87,1,193.12
189,119,1,14.91
189,88,1,33.68
190,60,1,838.89
191,78,1,94.88
191,39,1,76.34
192,86,2,48.27
192,55,1,107.92
192,11,2,90.01
193,30,1,66.52
193,55,3,109.11
193,66,2,595.65
194,37,3,942.95
194,45,1,209.03
195,95,1,99.41
195,83,1,278.94
196,23,1,107.93
196,24,1,98.5
197,39,1,72.61
198,78,1,103.17
198,108,1,237.28
199,54,1,69.14
200,33,1,93.31
200,51,1,221.5
201,88,1,36.41
202,113,1,97.04
202,82,1,726.65
203,18,1,86.75
204,1,2,148.31
204,119,1,15.0
204,45,1,232.4
205,34,1,69.38
205,26,1,213.94
206,59,1,184.37
207,88,1,36.32
207,3,1,63.41
207,13,1,485.59
208,26,3,247.14
208,87,1,193.43
208,67,1,43.42
209,1,1,148.93
210,74,1,118.73
211,13,1,459.36
212,15,3,231.58
213,44,1,34.34
214,109,1,97.55
215,45,1,233.47
215,21,1,222.06
215,91,3,40.98
216,69,1,35.35
216,1,1,154.06
217,74,3,125.24
217,31,1,56.6
218,76,1,39.12
218,49,1,106.24
218,54,1,64.56
219,89,1,747.03
219,22,2,48.79
219,23,3,106.4
220,12,1,84.15
221,29,1,180.49
221,6,1,45.45
222,54,1,64.94
223,109,1,99.68
223,83,1,294.57
224,119,1,17.79
225,112,2,183.08
226,109,1,107.27
226,79,1,6.57
227,35,1,273.22
228,99,1,247.24
228,119,2,17.65
229,53,2,29.41
229,119,1,16.09
230,73,1,307.73
230,49,1,98.28
231,54,1,69.02
232,2,1,43.54
233,59,1,186.87
234,13,1,468.74
234,57,2,104.69
234,46,3,327.74
235,24,2,90.36
235,22,1,45.5
236,90,3,42.86
236,15,1,256.91
236,112,1,175.48
237,95,1,103.77
237,58,1,741.46
238,17,1,59.25
239,46,1,362.51
239,15,1,274.19
240,106,1,108.06
241,108,3,226.46
242,36,1,52.17
242,35,1,237.55
243,94,1,58.8
243,63,1,94.9
243,35,1,262.45
243,73,3,311.27
244,103,1,140.24
245,112,1,174.21
245,98,1,190.14
245,35,1,242.53
246,89,1,628.62
247,3,1,61.83
247,102,2,78.28
247,95,2,92.66
247,84,1,73.49
248,83,1,282.84
248,45,2,236.64
248,39,1,77.29
249,42,1,39.3
249,23,1,118.82
249,111,1,31.05
250,101,1,784.52
251,19,1,59.63
251,115,1,99.18
252,36,1,51.68
253,85,1,19.87
253,74,1,106.43
254,79,2,6.47
254,28,1,59.43
255,48,3,270.57
255,107,1,90.86
256,1,2,158.7
257,87,3,199.31
258,21,1,259.63
258,120,1,75.48
258,105,1,55.16
259,73,2,274.02
259,112,1,186.78
260,5,1,69.38
261,79,1,7.17
262,98,1,188.63
263,57,1,115.72
263,74,1,127.92
263,65,2,347.93
264,21,1,243.69
264,11,1,87.53
264,10,1,210.02
265,111,1,31.41
265,79,1,6.48
266,86,1,52.21
266,85,1,21.34
266,88,1,36.35
267,92,1,29.76
267,59,2,215.08
268,6,1,43.89
268,38,1,225.25
269,52,1,149.66
270,100,1,6.34
270,37,2,884.64
271,109,1,116.38
271,70,1,282.63
271,5,1,65.74
272,104,1,216.04
272,33,1,104.5
272,64,1,25.28
273,98,1,168.17
274,33,1,102.18
275,73,1,300.52
276,75,1,358.38
277,70,1,329.36
278,86,2,56.99
278,61,1,132.86
278,36,1,57.9
279,120,1,69.41
280,11,1,87.56
280,59,1,207.03
280,87,2,196.44
281,4,1,101.3
281,16,1,682.65
281,26,1,219.52
282,95,1,107.77
283,14,2,427.84
283,22,1,47.34
284,57,1,112.42
284,38,3,189.97
285,62,1,93.87
286,82,1,645.28
287,23,1,126.21
288,15,1,256.88
288,37,1,931.09
289,26,2,242.42
289,13,1,510.67
290,59,1,197.05
290,93,1,37.17
290,67,1,45.77
290,71,1,79.7
291,82,1,696.69
292,18,1,75.03
292,111,1,28.74
293,34,1,73.89
293,88,2,34.18
293,3,1,64.98
293,73,1,301.12
294,83,1,319.88
295,73,1,331.39
295,63,2,105.0
295,17,1,64.5
296,82,2,649.3
296,50,1,23.99
297,4,1,107.7
298,109,1,105.72
298,8,1,89.48
298,119,1,16.28
299,37,1,943.9
299,81,3,256.19
299,112,1,176.74
300,48,2,287.77
300,68,1,138.66
301,96,1,70.2
302,4,1,115.52
303,77,1,189.78
303,71,1,83.79
303,43,3,34.91
304,66,1,632.06
305,100,2,6.54
306,37,1,944.79
307,48,2,246.65
307,53,1,31.02
307,4,1,109.78
308,98,2,167.73
309,33,1,107.88
309,62,2,87.8
309,15,1,234.92
310,96,1,70.76
310,93,1,41.63
310,60,1,739.45
311,61,1,133.57
312,85,1,20.34
313,118,2,115.72
313,83,1,302.21
314,63,1,102.25
314,47,1,79.12
314,24,1,104.31
315,103,1,144.33
316,24,1,97.87
317,41,2,55.18
318,35,2,270.07
319,105,1,64.82
320,11,2,80.87
320,120,1,65.65
321,6,1,50.08
321,14,2,435.98
322,70,1,295.68
323,16,1,636.83
323,48,1,259.38
324,30,1,62.01
324,31,1,60.6
325,24,1,87.0
325,22,1,45.88
325,16,2,577.46
326,98,1,193.32
326,25,1,70.91
327,23,1,128.67
327,116,1,249.4
328,110,1,93.26
328,18,1,83.84
329,96,1,73.55
330,95,2,105.36
331,118,1,107.84
332,4,1,110.81
333,50,1,27.29
334,111,1,29.45
335,84,2,80.8
336,90,1,38.55
337,4,1,114.13
337,30,2,68.37
337,84,3,77.04
338,114,1,286.4
338,56,2,41.8
338,86,1,47.06
339,118,1,122.65
339,109,1,107.2
339,41,1,64.55
340,47,1,91.68
340,102,1,76.85
340,76,1,38.08
341,17,2,59.36
342,4,1,116.66
343,20,2,609.12
343,117,1,59.69
344,75,1,384.42
344,13,1,487.06
345,3,1,66.51
345,46,1,334.27
345,15,3,252.91
346,23,1,119.91
347,63,1,88.95
347,3,1,61.55
348,82,2,706.24
349,40,1,120.41
350,108,1,240.95
351,69,1,33.9
351,73,1,313.98
351,44,3,38.58
352,68,2,145.78
353,97,1,113.71
353,69,1,36.58
353,103,2,127.33
354,70,1,285.24
355,28,1,60.14
356,72,1,68.56
357,115,1,101.6
357,10,1,210.72
358,62,1,85.07
358,67,1,46.21
359,120,1,67.59
360,77,2,206.02
361,85,2,20.43
361,87,1,192.51
361,71,2,72.23
361,100,3,5.84
362,1,1,165.66
362,60,1,820.07
362,5,2,78.41
363,62,2,93.37
363,4,2,102.63
364,83,3,312.23
365,21,1,248.97
366,89,1,675.32
366,117,2,62.0
366,107,1,78.69
366,66,1,647.81
367,35,1,242.82
368,83,1,327.06
368,69,2,32.67
368,7,1,5.26
369,49,1,90.78
370,118,1,107.91
370,92,1,29.72
370,83,1,308.41
371,110,2,86.84
372,32,3,11.45
373,51,2,244.58
373,69,1,33.92
374,117,1,65.06
375,89,1,743.79
376,13,1,462.84
377,48,1,271.67
378,62,3,81.64
379,61,1,134.76
379,3,2,66.46
380,6,3,45.36
381,107,1,91.6
382,44,1,40.05
382,104,2,194.93
382,18,1,81.23
383,103,1,137.81
384,99,1,222.9
385,13,1,461.7
385,110,1,93.64
386,78,2,97.48
386,10,1,245.37
386,43,1,31.21
386,92,2,32.27
387,39,1,70.75
388,93,1,38.69
389,42,3,38.66
389,9,2,34.49
390,23,1,111.35
391,74,2,122.77
391,38,2,212.45
392,113,1,86.25
393,72,2,56.97
394,61,1,131.73
394,106,1,115.89
395,34,1,79.68
395,40,1,107.73
396,109,1,116.72
397,73,2,303.55
398,116,1,243.86
398,37,2,938.56
399,79,1,6.43
400,66,3,696.61
400,8,1,87.62
401,48,1,240.58
401,101,2,763.22
402,65,1,373.26
403,74,1,115.88
403,107,1,84.93
403,82,2,695.98
403,51,1,212.39
404,117,1,60.0
405,42,2,37.16
406,72,1,69.16
406,90,1,40.51
407,50,1,26.05
408,15,1,243.65
409,49,1,90.84
410,48,1,258.73
411,46,1,379.65
411,79,1,7.18
412,17,1,57.87
413,45,1,227.26
414,109,1,97.05
415,92,1,33.41
415,9,2,35.15
415,70,1,290.78
416,9,1,36.78
416,76,1,34.24
417,64,2,23.18
417,5,1,73.15
418,42,1,37.45
418,38,2,212.67
418,28,1,60.62
419,29,1,189.02
419,97,1,113.96
419,6,1,44.52
420,91,1,40.29
421,93,2,36.41
422,80,1,135.45
422,55,2,110.75
423,91,1,38.96
423,82,2,745.12
424,52,1,164.23
424,81,1,227.51
424,37,2,836.75
425,30,1,67.2
425,92,2,35.03
426,45,1,227.71
426,85,2,20.44
426,3,1,63.54
426,9,1,37.71
427,87,1,205.84
428,13,1,439.02
429,52,2,158.12
430,104,1,211.14
431,16,1,606.5
432,70,1,317.87
432,48,1,264.86
433,116,1,249.08
433,4,2,112.27
434,59,1,208.4
434,84,1,81.18
435,110,1,83.12
435,29,1,167.12
436,119,1,14.83
437,60,1,743.28
438,68,1,135.17
438,62,1,82.13
439,22,1,47.58
439,101,1,734.83
440,49,2,87.75
441,18,1,79.88
441,26,3,239.8
442,45,1,210.01
443,109,3,112.2
443,49,1,91.69
444,72,2,68.45
445,101,1,775.62
446,10,1,250.96
447,108,1,218.81
447,23,1,113.94
447,94,1,55.21
448,86,1,53.67
448,63,3,93.72
448,61,1,129.69
449,25,1,70.12
450,6,3,51.73
450,91,2,41.42
450,105,1,60.08
451,104,1,201.65
451,38,1,208.91
452,88,2,36.04
453,98,1,161.03
453,24,1,99.58
454,98,2,160.2
455,107,1,79.11
455,93,1,42.28
456,70,1,326.25
456,108,1,235.31
457,54,1,62.78
458,2,1,45.68
458,108,1,244.77
458,101,1,808.18
459,93,2,37.05
459,38,1,186.64
460,71,2,79.27
460,95,1,93.33
460,97,1,95.59
461,107,1,80.87
461,7,1,5.15
462,118,1,123.37
462,69,1,38.68
463,85,1,20.96
464,65,1,367.17
464,63,1,96.31
465,35,1,248.27
465,91,2,39.45
466,104,1,213.32
466,74,2,127.92
467,46,2,383.43
468,8,1,93.96
468,74,2,129.79
469,15,1,272.0
470,10,1,207.85
470,27,2,287.29
470,65,1,387.38
471,109,3,111.29
472,28,1,70.05
473,21,1,266.77
473,47,3,83.49
474,119,1,16.33
475,85,1,19.22
475,30,1,70.16
475,13,1,457.64
476,70,2,311.48
476,18,1,75.94
476,81,1,247.56
477,63,1,99.5
477,80,1,145.42
478,117,2,63.51
478,112,2,170.22
478,29,1,189.32
479,43,1,36.4
479,74,1,116.56
479,58,1,721.66
480,76,2,38.28
480,111,1,27.11
481,36,1,53.06
481,69,1,36.43
481,43,1,32.85
482,78,1,98.57
482,114,1,274.43
482,6,1,46.35
482,49,1,91.29
483,93,1,38.19
483,94,1,65.44
484,69,1,32.11
484,25,1,78.5
484,82,1,647.06
485,48,2,261.73
485,100,1,5.91
485,59,1,185.49
486,91,2,37.88
487,119,1,14.94
488,63,1,106.12
488,84,2,74.99
489,118,1,123.49
489,4,2,102.59
489,46,1,329.86
490,50,2,25.39
491,16,1,650.19
492,5,1,68.94
492,89,2,663.12
492,61,3,137.76
493,83,1,304.4
493,85,1,18.9
494,120,3,74.25
494,32,1,9.92
495,35,2,259.24
496,111,1,27.11
497,114,1,308.71
497,87,1,209.3
498,85,1,21.25
498,97,2,109.59
499,44,1,40.03
500,108,1,248.24
500,83,1,292.51
500,105,2,63.05
501,44,1,37.24
502,105,2,58.1
503,10,3,232.68
504,113,1,87.84
505,23,2,125.41
505,51,2,243.24
505,54,2,70.49
505,107,2,86.16
506,1,1,145.55
507,50,2,27.12
508,86,1,54.38
508,113,1,80.11
509,14,1,444.79
510,85,2,18.4
510,52,2,146.18
510,65,2,382.25
511,57,1,108.39
511,6,1,51.94
511,49,1,96.13
512,19,2,65.85
512,76,1,37.17
512,82,1,727.27
512,98,1,190.91
513,23,1,124.45
514,10,1,234.04
515,53,1,28.47
516,118,1,107.09
517,31,1,60.79
517,49,2,99.3
517,108,1,226.66
518,9,2,33.72
518,81,1,228.99
519,76,1,36.45
519,114,1,320.82
520,43,1,34.33
521,84,2,87.63
522,39,2,71.47
523,117,1,68.25
524,77,1,203.55
525,18,1,83.62
526,41,1,55.87
526,79,1,6.21
527,80,1,144.16
528,40,2,108.51
528,112,1,163.18
529,17,2,58.1
529,66,1,623.4
530,43,2,37.53
531,61,1,123.97
532,96,2,67.22
532,105,1,56.53
532,56,2,38.7
533,88,1,32.48
534,82,1,623.13
534,113,1,91.15
534,19,2,60.63
534,57,1,108.5
535,88,1,31.64
535,80,1,143.06
535,89,2,657.47
536,56,1,36.69
537,97,1,115.48
537,17,1,60.42
538,44,1,38.77
538,12,3,90.0
538,103,3,120.08
539,99,1,253.33
540,94,2,62.32
541,47,1,87.92
541,64,1,27.45
542,52,1,157.61
543,63,2,90.33
544,69,3,37.96
545,74,1,108.11
545,65,1,356.03
546,52,1,164.2
546,8,1,89.65
546,114,1,305.24
547,72,1,67.14
547,29,1,192.32
548,20,1,582.77
549,23,1,114.32
550,80,2,129.26
550,92,1,34.72
550,104,3,216.1
550,8,2,89.44
551,33,1,110.95
551,116,1,270.4
551,92,1,31.6
552,39,1,76.01
552,112,1,194.56
553,76,1,33.86
553,36,1,56.16
554,16,1,578.85
555,34,1,77.55
556,26,1,225.33
557,75,1,387.54
557,4,1,114.37
558,35,1,232.7
558,104,1,217.64
559,52,1,161.02
560,2,3,41.09
561,72,1,64.97
562,77,1,199.9
562,75,1,368.31
562,21,1,222.83
563,66,1,612.85
563,44,2,33.81
564,68,1,124.99
564,16,2,576.01
564,99,2,236.24
565,84,3,81.72
565,110,1,92.07
566,16,1,668.16
566,25,1,85.39
567,118,1,124.84
567,1,1,177.23
567,115,1,99.89
568,36,1,52.46
568,110,1,99.19
569,3,1,70.27
569,79,2,7.2
570,108,1,240.3
570,8,2,81.4
570,113,1,84.84
571,99,2,257.9
571,3,1,66.29
572,20,1,557.16
573,83,1,285.18
573,81,2,271.59
573,36,1,60.39
574,24,1,92.79
575,66,2,667.71
575,85,1,19.83
576,82,1,627.17
577,63,1,93.02
577,14,1,436.7
578,116,1,256.65
578,101,1,695.68
579,8,1,98.33
580,19,1,56.21
580,35,2,253.74
580,39,1,74.5
581,96,1,68.93
581,74,2,106.79
582,14,1,415.26
582,13,1,511.97
582,100,1,5.68
583,69,1,36.98
584,56,2,37.53
584,23,1,124.01
585,26,1,259.79
585,114,1,295.05
585,117,1,65.21
585,64,2,27.41
586,78,2,102.42
587,52,1,150.32
587,36,1,61.1
588,4,2,98.18
589,33,1,109.47
589,105,1,64.85
589,18,1,74.46
590,33,1,112.04
591,40,1,115.81
592,105,1,59.63
593,107,1,79.57
593,73,1,330.1
594,68,1,125.09
594,31,3,54.54
594,80,1,139.88
595,18,1,77.26
595,64,1,26.08
595,72,1,64.24
596,109,1,99.97
596,82,1,678.75
597,91,1,40.11
598,82,1,699.64
599,62,2,96.15
600,10,1,226.88
601,22,2,48.25
601,10,1,239.54
601,47,1,86.86
602,18,1,88.18
603,113,2,84.1
603,72,1,64.69
603,56,1,39.22
604,117,2,59.18
605,60,3,829.3
606,114,1,271.57
607,96,1,73.8
608,7,1,5.21
609,16,1,646.57
610,97,1,96.98
611,111,1,30.33
612,12,1,83.67
612,9,1,34.47
613,27,2,278.68
613,120,1,66.21
614,58,1,687.23
614,88,1,31.21
614,57,1,107.0
615,68,1,146.36
615,42,1,36.28
616,83,1,287.25
616,39,1,77.68
617,37,1,864.44
618,48,1,238.72
619,112,1,190.35
620,29,1,168.71
621,70,2,307.01
622,84,1,73.21
623,23,1,121.8
624,92,1,34.69
624,38,2,215.04
625,105,1,58.74
626,111,1,27.83
626,118,1,110.68
627,40,1,109.18
627,91,2,37.74
628,29,2,195.29
628,1,1,165.62
629,2,2,45.37
629,86,1,54.85
629,97,1,94.96
629,71,1,83.73
630,35,2,261.21
631,69,1,31.93
631,19,1,63.6
631,53,1,27.78
632,19,2,56.02
633,113,1,86.16
633,25,1,84.54
633,7,1,5.38
634,102,1,80.89
635,68,2,129.36
635,13,2,491.56
636,18,1,75.73
636,69,2,32.34
636,91,1,37.38
637,59,1,203.72
637,69,1,31.92
638,26,1,253.34
638,81,2,247.78
638,65,1,355.44
639,107,1,82.32
639,80,1,142.64
640,35,1,226.25
640,45,1,230.64
640,73,1,284.91
641,28,1,63.1
642,80,1,134.54
642,16,2,573.21
642,1,1,160.65
643,113,1,85.71
643,62,1,80.74
643,39,2,81.26
644,64,1,27.25
645,85,1,21.28
645,63,1,96.7
645,110,1,94.13
646,113,2,94.63
646,55,1,103.28
646,74,1,112.55
647,81,1,232.92
647,19,1,66.26
647,92,1,32.51
648,87,1,211.94
649,38,1,185.99
650,110,1,82.94
650,27,1,288.29
651,5,1,73.59
651,36,2,51.56
652,78,1,107.32
652,42,1,37.67
652,55,1,108.04
652,15,1,260.78
653,61,1,130.43
654,50,1,28.93
655,51,1,215.5
655,5,1,79.85
656,18,3,74.48
656,106,1,107.83
657,108,2,234.91
657,26,1,233.41
657,114,2,280.73
658,63,1,104.73
658,106,1,110.26
658,39,1,73.93
659,3,2,70.83
660,94,1,65.92
660,33,1,101.49
660,50,1,26.06
661,78,1,96.25
662,106,1,112.49
662,52,1,141.27
662,44,1,37.11
663,69,2,35.44
664,108,2,240.86
664,102,1,68.23
665,2,1,46.24
665,18,1,80.6
665,43,1,32.23
665,84,1,78.65
666,69,1,36.7
667,103,1,144.41
668,101,3,818.19
668,115,2,90.24
669,73,1,300.89
669,60,2,797.36
670,14,1,420.35
670,86,1,49.07
670,49,2,98.38
671,18,1,74.37
671,48,1,256.54
671,100,1,6.5
672,66,1,694.35
672,37,2,826.23
672,42,1,35.01
673,93,2,36.05
674,86,2,50.91
674,64,1,26.08
675,85,1,21.72
675,20,1,619.41
675,90,1,42.58
676,42,2,39.76
676,115,1,88.2
677,75,1,359.75
677,62,1,94.56
678,84,1,75.48
678,44,1,41.23
679,4,1,107.96
679,53,1,27.66
680,106,1,106.39
680,25,1,82.52
680,44,1,36.61
681,26,1,216.73
682,106,1,118.78
682,89,1,691.68
683,33,1,104.24
684,70,1,278.4
684,116,1,257.03
684,108,1,229.4
685,57,1,104.52
685,59,1,183.77
686,101,1,803.6
686,64,1,26.29
687,6,1,48.56
688,27,1,260.44
689,76,1,36.55
689,26,1,254.56
690,24,1,88.6
691,92,2,30.31
692,11,1,87.01
693,18,1,78.54
694,66,1,575.81
694,40,1,105.83
695,47,1,79.13
695,40,2,108.84
695,13,2,470.6
696,108,1,234.86
696,31,1,60.23
696,56,2,35.94
697,73,1,286.78
697,68,1,125.94
698,42,1,34.9
698,24,1,103.75
698,52,1,160.39
699,43,2,33.73
699,70,1,310.02
699,37,2,857.57
700,17,1,60.8
700,93,2,42.57
700,111,2,29.05
701,48,1,241.99
701,96,1,67.5
702,97,1,115.06
702,36,1,58.49
702,56,1,37.26
703,14,1,474.27
703,64,1,23.29
704,65,1,381.0
705,91,1,35.77
705,85,1,22.03
706,78,1,108.91
707,5,2,80.0
708,41,1,58.26
709,95,2,93.65
710,15,1,264.95
710,28,1,64.98
711,15,1,278.11
712,31,1,62.4
713,103,1,145.87
714,25,1,78.37
715,61,1,124.97
716,109,1,105.57
716,41,1,62.23
716,9,1,37.5
717,53,1,31.42
717,77,2,208.8
717,8,2,92.06
718,120,1,69.17
719,105,2,63.49
719,13,2,482.38
719,48,1,272.59
720,8,1,81.25
720,77,1,188.01
721,63,1,93.72
722,21,1,261.49
722,69,1,33.76
722,18,1,80.59
723,73,1,291.46
723,68,1,131.25
724,111,2,29.19
724,10,1,229.66
724,96,1,63.41
725,64,1,24.88
725,107,2,88.1
726,69,1,33.42
726,36,1,55.82
727,1,2,159.47
727,94,1,65.15
727,10,1,221.27
728,36,1,58.96
728,58,2,754.02
729,46,1,355.56
729,83,1,283.82
730,65,1,372.05
731,118,1,106.0
731,96,3,66.06
732,28,1,65.77
733,93,1,42.07
734,53,1,30.74
734,46,1,348.88
735,46,1,386.42
736,21,1,265.41
737,18,1,78.87
738,17,1,60.4
739,80,1,140.58
740,85,1,21.48
740,69,1,33.23
740,78,1,103.06
741,3,2,65.17
742,61,1,117.91
742,105,2,62.04
743,86,1,55.1
743,107,2,80.49
743,45,3,208.99
743,100,1,5.66
744,72,1,66.4
745,116,1,282.89
745,23,1,127.34
745,25,2,78.45
746,111,2,30.71
746,99,1,229.41
746,56,1,40.51
747,113,1,95.44
747,80,1,123.5
748,87,1,200.27
749,94,1,59.51
750,67,2,48.84
751,49,1,88.06
751,72,2,59.4
751,7,2,5.05
752,105,1,56.79
753,60,1,734.13
754,45,1,244.1
754,55,2,112.73
755,104,1,187.56
755,63,1,93.55
755,118,1,124.75
755,47,1,79.43
756,33,1,101.54
756,92,1,35.34
757,35,1,255.57
757,65,1,324.92
758,114,1,288.76
759,96,1,67.65
760,91,1,34.4
761,25,1,84.59
762,12,1,81.02
762,76,3,32.99
763,61,1,142.19
763,65,1,337.52
764,66,1,683.29
765,22,2,44.13
765,3,2,65.0
765,77,1,188.71
766,60,1,765.66
766,67,1,47.62
767,57,1,104.93
768,47,1,86.1
768,117,1,61.53
769,114,1,327.76
769,57,1,99.83
769,10,1,208.57
770,24,1,89.39
770,6,1,48.96
770,88,2,33.09
771,6,1,50.82
772,18,2,82.39
772,58,3,693.43
773,101,2,741.29
774,70,1,284.62
775,101,1,679.8
775,98,1,165.93
775,78,1,104.44
775,23,1,119.89
776,33,1,95.39
777,81,1,270.28
778,103,1,140.83
778,1,1,151.73
779,79,1,6.21
779,67,1,49.32
780,107,1,78.81
780,19,1,57.94
780,82,2,694.36
781,89,3,722.18
781,64,1,25.91
781,31,1,56.46
782,23,1,111.29
782,38,1,214.72
783,21,2,244.88
784,82,1,731.29
785,51,1,230.13
785,32,1,11.07
786,83,1,292.59
786,107,1,88.2
786,87,1,199.49
787,18,1,83.37
787,89,1,627.64
788,20,1,603.53
788,47,2,78.7
788,23,1,107.58
789,44,1,41.24
790,105,1,54.79
791,91,1,34.98
791,116,1,262.79
791,105,1,64.67
792,10,3,229.16
792,57,1,95.71
792,34,1,72.05
793,74,1,108.35
793,97,1,111.56
794,75,1,435.5
795,25,1,75.42
796,26,1,259.4
796,43,1,35.33
797,69,1,37.28
798,38,1,221.43
799,53,1,27.64
799,38,2,225.37
799,113,1,97.23
800,24,1,89.47
800,11,1,86.85
801,44,1,37.85
801,104,2,202.0
801,58,1,769.22
801,92,1,29.89
802,69,1,36.0
802,76,1,39.6
802,23,2,106.11
803,37,1,850.51
804,90,1,39.28
805,109,2,101.34
805,114,1,273.71
806,86,1,47.42
806,100,1,6.63
807,79,1,7.36
807,37,2,898.6
807,26,3,241.5
808,67,2,49.9
809,93,2,38.51
810,81,1,266.29
810,117,1,62.92
811,52,1,160.99
812,22,1,46.0
813,66,1,628.72
814,15,1,266.75
815,91,3,36.99
816,30,1,65.24
817,117,1,59.45
817,2,1,44.33
817,49,1,94.55
818,75,1,367.38
818,17,1,64.02
819,89,1,699.24
820,89,1,744.92
821,77,2,210.25
821,41,1,57.42
822,68,2,135.57
822,106,3,109.62
822,23,2,123.57
823,106,1,117.65
824,40,1,114.8
825,25,1,76.87
825,120,1,65.36
826,71,2,69.64
826,75,1,366.24
826,4,1,103.74
827,109,3,100.75
828,24,2,89.33
829,102,2,81.66
830,8,1,91.04
830,102,1,78.66
830,54,1,64.67
831,19,1,65.38
832,36,1,61.69
832,110,3,93.11
832,115,3,93.09
833,91,1,40.04
834,118,1,118.45
834,93,3,41.55
834,54,1,62.88
835,22,2,49.47
836,113,1,86.68
836,68,2,126.57
836,62,2,92.64
837,17,2,63.81
837,98,2,191.76
837,33,2,95.02
838,14,2,457.25
839,56,2,41.93
840,77,2,222.16
841,61,2,142.65
841,106,1,101.68
842,74,2,126.04
843,96,3,66.15
843,52,2,139.31
844,49,1,100.26
844,11,1,77.64
845,82,2,665.8
845,78,2,110.8
846,54,2,63.12
846,104,1,198.71
847,5,1,67.2
848,73,1,275.74
848,59,2,197.01
848,51,2,224.7
848,25,1,77.05
849,16,1,656.04
849,86,1,55.59
850,12,2,76.09
851,87,2,214.25
851,72,1,62.61
852,25,2,77.11
852,108,1,205.78
853,104,2,192.35
854,34,1,69.49
854,30,1,71.83
855,109,1,99.31
855,58,1,761.95
855,2,1,43.63
855,115,2,102.33
856,42,2,35.81
856,83,2,300.39
857,88,1,34.17
857,20,1,566.18
858,53,1,30.39
859,64,1,26.75
860,110,1,94.74
861,61,1,141.48
861,114,2,325.91
862,40,2,116.54
863,25,1,73.93
864,56,1,34.74
865,111,2,31.0
866,28,1,61.41
867,104,1,186.37
868,75,2,406.56
869,31,3,61.95
869,109,1,96.66
870,58,1,777.18
870,1,1,149.09
871,105,2,57.18
871,103,2,136.31
872,2,3,39.9
873,108,1,212.23
874,42,1,39.68
874,49,2,103.01
874,71,2,76.84
875,39,2,83.51
875,106,1,109.27
875,31,1,55.25
876,80,1,130.04
876,49,2,94.36
876,71,1,83.58
876,58,2,774.86
877,13,1,492.11
878,71,1,75.08
879,73,2,303.68
879,20,1,581.15
880,55,2,116.23
880,54,1,68.33
881,97,1,107.52
881,4,1,105.79
881,46,1,352.06
882,25,1,84.78
883,31,1,57.4
883,92,2,31.79
883,82,1,690.98
884,54,3,67.49
884,33,2,96.33
885,37,1,932.38
885,30,2,69.53
886,9,2,34.12
886,31,1,53.56
886,105,1,62.9
887,47,1,91.57
888,91,2,39.67
888,105,1,57.57
889,17,1,58.38
889,86,1,52.18
889,90,1,38.56
890,111,1,29.42
891,90,1,40.03
892,82,2,660.05
892,19,2,59.85
892,109,1,104.13
893,117,1,56.21
894,21,1,247.37
895,31,1,56.81
896,91,1,34.73
896,68,1,139.85
896,46,1,378.32
897,89,1,728.35
897,26,1,224.59
897,9,1,38.9
898,52,1,139.88
899,35,2,240.82
899,66,2,612.83
899,65,2,332.2
899,1,1,173.96
900,46,1,373.32
901,81,1,231.69
902,15,1,253.17
902,21,1,228.77
903,6,1,48.94
903,33,2,97.8
904,95,1,103.11
904,3,1,63.87
905,63,1,98.12
906,3,1,60.72
906,56,1,40.56
907,32,1,10.48
907,45,1,213.23
907,51,1,227.37
908,85,1,20.02
908,52,1,150.78
909,44,2,37.63
909,22,2,45.46
910,3,1,68.87
910,105,1,63.2
911,16,1,667.8
911,19,3,63.32
911,23,1,119.5
912,33,1,98.39
913,27,1,260.72
914,4,2,117.9
914,49,2,88.78
915,32,1,10.65
916,22,1,50.86
916,90,1,44.73
916,114,1,290.61
917,74,1,110.0
917,5,1,69.32
917,100,2,6.17
917,8,1,86.86
918,83,1,309.25
919,72,2,66.3
920,26,1,215.56
921,11,2,89.19
921,10,2,244.08
922,98,2,187.8
923,74,3,116.62
923,54,1,64.88
923,73,1,294.14
924,76,1,37.0
925,11,1,81.79
925,99,1,263.78
926,70,1,311.58
926,106,1,115.02
926,50,1,25.04
927,86,2,47.3
927,88,1,34.44
928,70,2,277.93
928,88,1,37.02
929,32,2,10.72
929,89,1,722.21
930,73,3,318.95
930,85,1,20.39
931,66,1,666.84
932,109,1,105.05
932,111,1,27.47
933,19,2,66.47
934,37,1,818.44
935,81,1,250.72
935,21,1,232.0
936,38,1,193.43
936,86,1,49.42
937,84,1,86.89
938,104,1,217.48
939,47,1,92.39
939,13,1,502.2
940,58,2,663.46
940,19,1,62.89
940,80,2,125.96
940,27,1,270.66
941,51,1,227.8
942,95,1,108.62
943,19,1,67.31
943,69,1,35.23
944,112,1,174.58
945,53,1,33.28
945,64,1,24.63
946,9,1,37.19
946,113,1,88.85
947,12,1,85.2
947,108,1,208.84
948,27,1,249.26
949,95,2,93.83
950,58,1,734.85
951,54,1,69.92
951,92,1,33.37
951,32,2,9.9
952,71,1,78.33
952,105,1,55.38
952,25,1,74.94
952,35,1,259.82
953,60,2,793.19
953,63,1,96.49
953,2,2,44.4
954,77,1,190.95
955,86,1,57.19
955,2,1,45.68
956,112,1,194.78
957,35,1,230.53
957,82,2,729.3
958,84,1,78.8
959,1,1,146.36
959,41,1,55.16
959,24,1,103.74
960,46,2,319.62
960,70,2,287.06
961,78,2,101.96
962,106,2,106.14
963,58,1,766.59
963,76,1,35.75
964,19,1,64.83
964,44,1,36.27
965,114,1,281.13
966,116,1,253.36
966,28,1,65.57
967,104,1,201.39
968,101,3,688.57
969,46,1,347.78
969,89,1,740.06
969,40,3,117.55
970,19,1,65.52
970,18,1,80.3
970,104,1,186.63
971,73,1,286.15
971,99,1,241.0
972,90,1,45.02
972,81,1,257.6
972,44,1,39.69
973,1,1,161.97
973,67,1,45.37
974,58,1,733.93
974,8,1,92.98
974,76,1,38.5
975,64,2,26.06
976,115,3,100.13
977,100,1,6.46
977,59,2,191.67
978,6,2,50.8
978,74,2,107.86
979,10,2,244.19
979,60,1,838.8
979,53,3,32.23
980,46,1,382.56
981,26,1,235.15
982,116,1,249.45
982,21,1,247.06
983,32,1,11.34
984,119,1,14.79
985,111,1,32.17
986,30,1,72.37
986,16,1,591.32
986,49,2,100.36
987,41,1,60.53
987,71,1,77.32
988,5,1,71.18
988,118,1,116.68
989,20,1,620.71
990,5,2,75.48
990,29,1,164.92
990,120,2,69.14
991,71,2,69.8
992,42,2,37.3
993,31,3,55.77
994,114,1,310.43
995,4,1,100.43
996,19,1,64.84
996,48,1,284.18
997,64,2,25.68
998,86,1,53.16
998,6,3,45.85
999,82,1,694.12
999,12,1,81.94
1000,49,1,104.65
1001,108,1,240.35
1002,95,1,101.62
1003,23,2,127.97
1004,87,1,191.98
1004,117,1,62.75
1005,33,1,110.73
1005,53,1,28.16
1006,66,1,597.31
1006,101,1,748.06
1007,104,2,188.89
1008,65,3,333.66
1009,109,1,112.63
1009,96,1,63.29
1009,106,2,102.88
1010,15,1,238.02
1010,109,1,101.45
1010,103,2,121.39
1011,69,1,33.95
1012,47,1,91.11
1013,100,2,5.54
1014,98,1,183.75
1014,22,1,51.41
1014,73,2,323.77
1014,96,1,65.74
1015,112,2,187.62
1016,72,1,68.62
1016,30,1,64.32
1017,113,3,96.27
1017,50,2,25.83
1017,120,2,64.86
1018,106,2,99.72
1018,59,2,190.24
1018,47,1,82.03
1019,85,2,19.68
1020,38,1,221.94
1020,56,2,37.99
1020,120,1,74.33
1020,34,1,72.11
1021,79,1,6.28
1021,1,2,167.46
1021,101,1,793.87
1021,120,1,73.11
1022,103,1,135.71
1023,60,1,758.5
1023,33,1,109.2
1023,3,2,66.75
1024,11,2,91.24
1025,60,1,825.41
1026,52,2,158.03
1027,63,1,88.35
1028,54,1,66.66
1029,117,2,61.89
1030,12,2,75.6
1030,41,1,64.28
1031,90,2,38.54
1031,41,2,54.6
1032,78,1,103.25
1032,20,1,540.1
1032,103,1,137.13
1033,98,3,176.05
1034,6,1,50.91
1035,91,1,35.89
1036,31,2,54.05
1037,15,2,258.21
1038,73,2,281.62
1039,120,1,70.77
1039,110,2,92.61
1040,45,2,213.9
1040,13,2,475.47
1041,49,2,90.14
1042,82,1,743.56
1042,58,2,757.68
1042,7,1,5.41
1043,9,1,34.82
1044,100,3,6.44
1044,90,1,41.65
1045,64,1,26.35
1045,36,1,58.37
1046,84,1,72.45
1047,80,2,125.77
1047,11,1,94.42
1048,106,2,103.78
1048,66,1,605.27
1048,91,1,34.39
1049,52,1,155.92
1049,21,1,238.46
1050,95,1,94.38
1050,21,1,260.59
1051,115,1,95.76
1051,110,1,89.98
1052,84,1,73.5
1052,35,1,265.53
1053,65,1,324.46
1053,17,1,62.35
1054,49,2,100.38
1055,111,1,30.37
1056,120,1,74.65
1057,75,1,427.41
1057,37,1,845.63
1057,60,1,786.39
1058,17,1,62.2
1059,4,1,107.81
1059,113,1,90.41
1059,97,1,96.46
1059,62,1,95.61
1060,7,1,5.25
1061,5,1,74.28
1061,15,1,256.61
1061,8,1,95.77
1062,103,1,128.19
1063,43,1,36.37
1063,83,1,303.35
1064,64,1,25.98
1064,93,2,40.58
1065,45,1,247.7
1066,82,1,658.35
1066,108,1,244.07
1067,6,1,50.99
1067,83,1,274.77
1067,25,2,78.42
1068,107,1,81.03
1068,33,1,95.4
1069,28,1,69.3
1070,78,2,107.85
1071,120,1,67.16
1071,104,1,207.39
1071,91,1,34.04
1072,67,1,42.54
1072,55,2,112.25
1073,7,2,5.34
1074,62,2,84.42
1075,117,1,57.2
1075,33,1,106.76
1075,72,2,60.57
1076,31,1,57.74
1076,23,1,121.12
1077,77,1,215.24
1078,61,2,129.51
1078,35,3,236.83
1079,40,1,106.91
1079,12,3,79.31
1079,45,1,209.53
1080,50,2,25.65
1081,77,1,223.56
1082,72,1,57.23
1082,99,1,271.42
1082,11,2,84.15
1083,60,1,802.66
1084,47,1,79.24
1084,21,1,266.61
1085,57,1,96.03
1086,111,2,28.78
1086,27,1,255.9
1087,20,1,594.96
1088,87,1,227.49
1088,3,1,69.42
1088,108,1,232.93
1089,112,1,162.03
1090,70,1,324.1
1091,68,1,140.43
1092,88,2,33.56
1092,38,1,195.22
1093,16,2,639.03
1094,3,1,65.36
1095,60,2,798.84
1095,3,1,66.11
1096,82,1,679.08
1096,37,2,914.12
1097,17,1,64.73
1098,17,2,65.75
1099,106,2,119.89
1099,74,2,128.93
1100,1,1,163.38
1100,43,1,35.58
1101,77,1,197.38
1102,43,1,34.3
1103,84,1,71.78
1103,117,2,59.18
1104,61,1,142.82
1104,28,2,63.47
1105,41,2,56.98
1105,49,1,90.37
1106,95,1,103.21
1107,53,2,28.93
1107,118,1,121.56
1108,75,2,407.37
1108,88,2,32.28
1109,65,1,356.02
1109,47,1,77.37
1110,11,1,78.08
1111,87,1,212.17
1112,12,1,74.57
1112,46,2,362.49
1113,88,1,31.81
1114,58,1,648.95
1114,32,1,11.79
1115,27,1,271.98
1115,117,1,59.24
1115,52,1,147.26
1116,89,1,682.24
1117,109,2,108.58
1117,120,1,70.2
1118,24,1,90.29
1118,84,1,72.21
1118,21,1,259.04
1119,18,1,76.06
1119,7,1,5.11
1119,58,1,643.67
1119,22,2,46.11
1120,110,1,84.14
1121,49,1,92.95
1122,54,1,70.22
1122,29,1,192.11
1123,119,1,14.92
1123,118,1,105.09
1123,116,2,247.12
1124,77,2,218.3
1124,75,2,414.89
1125,109,1,115.34
1125,115,1,94.68
1125,108,1,244.62
1125,96,1,64.28
1126,57,1,95.15
1127,113,2,95.88
1127,94,1,55.73
1127,75,1,364.35
1128,113,2,87.04
1128,36,2,60.3
1129,117,1,60.03
1129,85,1,21.89
1130,96,1,76.08
1131,31,1,63.5
1131,7,2,5.33
1132,59,1,211.05
1133,4,1,99.15
1134,44,1,37.44
1134,21,1,268.04
1135,106,1,99.3
1135,92,2,32.8
1136,22,2,45.4
1136,119,3,16.73
1136,55,1,104.93
1137,60,1,766.47
1137,99,2,229.31
1137,96,1,67.14
1138,24,1,96.85
1138,25,1,81.54
1138,80,1,141.15
1139,115,2,98.16
1139,38,1,214.02
1139,72,1,65.01
1140,17,1,56.78
1140,87,1,193.81
1140,48,1,255.3
1141,12,2,90.93
1142,36,1,57.59
1142,99,1,232.15
1143,77,1,202.29
1144,18,1,80.51
1145,63,3,106.04
1146,107,1,91.7
1146,47,1,93.06
1147,69,1,35.91
1147,66,2,690.04
1148,77,2,207.1
1148,80,1,130.38
1148,7,1,5.11
1149,73,1,331.07
1149,44,1,38.42
1149,110,1,82.63
1150,65,1,358.17
1150,59,1,190.2
1151,102,2,72.2
1151,36,1,56.61
1152,35,1,228.3
1152,7,1,5.2
1153,1,1,176.34
1153,25,1,70.81
1154,82,1,746.27
1154,26,1,251.14
1154,53,1,33.57
1155,33,1,103.58
1156,56,1,40.92
1157,61,1,133.09
1157,63,1,97.13
1157,60,1,737.15
1158,41,2,62.57
1159,36,1,51.5
1160,93,1,40.24
1160,72,1,56.9
1161,112,1,190.93
1161,47,1,92.98
1161,1,1,163.42
1162,70,1,311.04
1162,10,1,211.7
1162,52,2,135.94
1162,35,1,273.38
1163,17,1,57.52
1164,111,1,29.89
1165,85,1,21.66
1166,103,1,125.34
1166,61,2,121.55
1167,49,2,99.08
1167,35,1,250.28
1168,5,1,76.33
1169,112,1,179.51
1169,6,1,45.49
1169,38,1,224.9
1170,77,1,224.11
1171,52,2,150.61
1171,114,2,318.41
1171,22,2,42.63
1172,75,2,369.69
1173,110,2,89.2
1174,92,1,30.71
1174,31,1,53.78
1174,80,2,130.46
1175,32,1,10.35
1175,114,1,315.76
1176,59,1,203.43
1177,40,1,107.53
1177,113,2,83.5
1178,34,1,73.14
1179,41,1,65.27
1179,17,1,67.65
1180,70,1,319.93
1181,90,1,38.85
1182,16,1,689.32
1183,104,2,219.78
1184,105,1,53.52
1184,22,1,47.78
1184,113,1,81.79
1185,62,1,85.03
1186,115,1,90.18
1186,71,1,70.54
1186,111,1,29.61
1187,119,1,17.12
1187,74,1,112.78
1187,105,1,60.33
1188,20,2,594.28
1188,65,1,342.49
1188,89,2,644.75
1189,73,2,315.83
1190,23,1,115.81
1191,16,1,653.52
1192,66,2,662.34
1193,109,1,113.94
1193,63,1,88.88
1193,13,1,466.63
1194,79,2,6.15
1194,28,1,70.7
1194,15,2,282.02
1194,11,1,86.04
1195,19,3,56.28
1196,36,2,57.47
1197,27,1,259.89
1197,53,1,27.98
1198,108,1,246.4
1198,48,1,286.41
1199,100,1,6.29
1199,85,1,19.01
1199,81,1,238.71
1200,40,2,107.95
1201,84,2,80.26
1202,42,2,33.25
1202,97,1,105.76
1203,107,1,86.37
1203,113,1,92.6
1203,80,1,129.72
1203,64,1,24.94
1204,48,1,254.44
1205,103,1,124.74
1206,104,1,195.95
1207,109,1,111.13
1208,101,1,740.83
1209,90,2,40.91
1210,55,1,111.0
1210,12,1,75.23
1211,95,1,91.76
1211,34,1,76.81
1212,111,2,31.14
1212,16,1,577.29
1213,24,1,95.8
1213,42,1,36.8
1214,15,1,277.08
1215,44,1,35.86
1216,53,2,29.9
1217,54,1,64.18
1217,17,1,59.7
1218,93,2,38.71
1219,63,1,97.28
1219,5,1,77.41
1220,91,2,40.81
1220,62,1,80.05
1221,33,1,92.82
1222,71,1,69.56
1222,7,3,4.93
1222,20,1,569.34
1223,74,1,112.06
1224,36,1,53.04
1224,57,1,107.44
1225,93,2,40.14
1225,26,2,239.48
1225,42,1,38.59
1226,36,1,53.05
1226,114,1,296.47
1227,99,1,227.17
1228,103,1,123.65
1228,26,2,219.47
1228,52,1,152.14
1229,6,1,46.48
1229,113,2,95.16
1229,24,1,94.53
1230,32,1,11.04
1230,108,2,213.5
1230,72,1,65.66
1231,109,1,113.43
1231,47,1,81.09
1231,12,1,87.78
1231,107,2,79.44
1232,48,2,277.81
1233,115,1,102.21
1233,97,1,96.27
1234,5,2,78.94
1235,47,1,80.82
1235,18,1,87.12
1236,54,2,64.33
1237,89,1,723.13
1238,44,1,37.57
1238,59,1,201.77
1238,10,1,228.84
1239,63,1,99.11
1240,80,1,141.53
1241,107,3,81.78
1241,44,2,40.45
1241,51,1,219.31
1242,54,1,61.42
1242,102,2,77.6
1242,96,2,68.0
1243,17,1,67.05
1244,29,1,169.5
1244,18,1,82.47
1244,106,1,107.06
1245,9,1,32.98
1245,45,2,230.28
1246,51,2,206.17
1247,91,2,35.7
1247,106,1,100.88
1248,53,1,29.87
1248,24,2,87.51
1249,38,1,187.9
1249,68,1,140.56
1250,87,1,207.95
1250,83,3,294.44
1250,115,2,87.61
1251,10,1,210.26
1251,74,1,123.87
1252,37,1,906.5
1253,55,1,110.73
1254,75,2,413.0
1255,95,1,102.9
1255,42,2,34.94
1255,97,1,102.67
1256,10,1,208.77
1256,93,1,39.45
1256,78,1,102.63
1256,27,1,243.18
1257,117,1,58.63
1257,2,1,39.57
1258,20,1,556.39
1258,56,2,38.38
1259,36,2,59.74
1259,47,1,87.39
1259,109,1,112.16
1259,50,2,28.36
1260,114,1,282.06
1261,60,1,706.21
1262,105,1,56.09
1263,81,1,231.4
1263,66,1,661.49
1263,118,1,118.69
1264,12,1,86.78
1265,113,3,82.79
1265,1,1,152.96
1266,110,1,87.8
1266,119,3,15.83
1266,36,1,51.55
1267,62,1,94.04
1268,91,1,34.19
1268,44,1,37.95
1269,94,1,64.92
1269,13,1,441.66
1269,88,1,31.52
1270,23,2,115.79
1271,72,1,57.24
1271,115,1,90.21
1271,29,1,198.87
1272,115,1,99.82
1273,25,1,84.06
1273,117,1,66.95
1274,74,1,113.97
1275,77,1,221.41
1276,48,1,238.13
1276,102,1,74.97
1277,67,1,48.78
1277,23,1,114.86
1278,103,2,121.81
1279,13,1,452.88
1279,55,1,106.42
1279,31,1,55.48
1279,59,1,212.0
1280,54,1,60.24
1280,111,2,28.59
1280,48,1,276.13
1281,98,1,189.99
1281,22,1,45.75
1281,87,1,225.18
1282,63,1,100.6
1282,71,1,78.43
1282,83,3,270.61
1283,12,1,85.8
1284,50,1,23.81
1285,68,1,148.67
1286,3,1,70.03
1286,91,3,37.66
1286,118,1,124.41
1287,108,1,240.23
1287,112,3,182.8
1287,14,1,457.83
1288,42,1,33.37
1288,1,1,158.65
1288,111,1,28.09
1289,61,2,119.22
1290,109,2,105.52
1290,2,2,39.83
1291,58,3,665.44
1292,47,1,85.46
1293,30,2,61.73
1293,7,1,4.77
1294,54,1,64.96
1294,60,3,824.92
1295,95,1,94.26
1295,63,1,100.74
1296,90,2,39.55
1297,86,1,56.66
1297,57,1,111.2
1298,29,2,187.48
1299,14,2,452.86
1299,50,1,26.2
1299,104,1,204.33
1300,94,3,64.64
1301,106,2,116.17
1302,107,1,82.23
1303,15,1,270.81
1304,28,1,65.16
1304,90,1,39.6
1304,35,1,264.05
1305,96,1,69.31
1305,18,1,84.23
1306,47,3,83.54
1306,66,2,609.74
1307,52,1,147.36
1308,90,2,38.9
1309,64,1,25.68
1309,99,1,264.3
1310,120,2,65.59
1311,113,1,81.5
1312,56,1,34.93
1313,106,1,112.99
1314,28,2,58.52
1314,19,1,56.15
1314,103,2,128.47
1315,81,1,242.5
1316,56,2,40.58
1317,30,1,64.78
1318,113,1,93.58
1319,41,1,59.15
1320,11,2,77.66
1320,119,1,16.3
1321,37,1,844.26
1322,43,1,35.25
1322,80,1,130.08
1322,65,1,376.07
1323,117,1,63.44
1323,106,1,110.18
1323,59,1,200.18
1323,116,1,234.46
1324,37,1,896.5
1324,103,2,142.41
1325,92,1,32.77
1325,70,2,307.76
1326,11,2,87.67
1326,68,2,132.32
1326,74,1,108.31
1327,36,1,52.9
1328,114,2,319.73
1328,97,1,115.07
1329,13,1,449.72
1329,76,1,34.97
1330,44,1,35.67
1330,58,1,733.98
1331,71,3,83.25
1331,15,1,243.23
1331,2,1,45.57
1332,31,3,62.12
1333,94,1,61.07
1333,109,2,116.92
1333,31,1,61.89
1334,33,2,107.04
1335,12,1,83.12
1336,40,1,117.43
1336,120,1,72.45
1336,115,1,100.37
1336,58,1,697.41
1337,60,1,779.93
1338,120,1,68.23
1339,119,3,17.58
1339,47,1,85.22
1339,98,1,170.92
1340,116,1,270.72
1340,88,1,36.8
1341,120,1,76.42
1341,35,1,272.56
1342,27,1,285.91
1343,95,1,97.8
1343,4,1,109.9
1344,90,3,45.24
1345,103,1,121.97
1346,31,1,63.29
1347,98,3,172.37
1348,8,1,91.22
1348,62,2,80.38
1349,65,1,370.85
1349,101,1,825.3
1350,36,2,59.17
1351,107,1,82.8
1351,87,2,221.12
1352,117,1,58.11
1352,94,1,56.59
1352,21,2,257.42
1353,96,1,75.07
1353,107,2,76.44
1353,70,2,287.68
1354,49,1,88.52
1355,5,1,74.12
1356,17,1,63.74
1356,119,2,17.11
1356,3,1,62.85
1357,117,1,67.29
1357,10,1,241.01
1358,53,1,32.12
1358,21,1,262.38
1359,41,2,56.36
1360,107,2,90.3
1360,11,1,93.36
1360,2,1,42.05
1361,42,1,33.58
1362,23,1,118.9
1363,11,2,90.68
1363,13,1,491.99
1364,27,1,267.17
1365,118,1,125.21
1366,13,1,515.26
1367,88,1,32.8
1368,62,2,94.19
1368,61,1,142.89
1368,47,1,80.71
1369,50,1,27.31
1369,111,2,28.15
1370,5,1,74.26
1370,48,1,254.36
1370,51,1,244.63
1370,89,1,719.0
1371,107,1,83.32
1371,2,1,42.34
1371,101,1,799.41
1372,114,1,272.96
1372,49,1,90.18
1373,37,2,898.77
1374,51,1,214.58
1374,95,1,99.56
1375,110,1,90.39
1375,79,1,6.6
1376,59,1,192.33
1376,102,2,75.84
1377,89,1,716.1
1377,68,1,146.66
1378,103,1,126.51
1379,79,1,7.09
1379,3,1,66.47
1379,69,1,33.68
1380,97,1,107.65
1380,76,1,36.22
1381,10,1,233.14
1382,41,1,62.7
1383,13,1,473.34
1383,40,2,125.69
1383,111,1,30.32
1384,48,1,282.11
1384,19,1,60.15
1384,54,1,63.72
1385,36,1,58.93
1385,111,1,30.89
1385,98,2,186.55
1386,68,1,123.73
1386,70,1,312.42
1386,100,1,6.59
1387,93,2,37.87
1387,28,1,66.55
1387,62,2,95.17
1387,88,1,34.71
1388,106,1,105.39
1388,96,1,62.66
1388,105,1,60.29
1389,11,1,90.02
1389,75,1,376.2
1390,89,1,663.85
1390,91,2,38.57
1391,111,1,27.42
1392,44,2,36.1
1392,79,1,6.66
1393,65,1,383.22
1394,13,1,470.51
1394,28,1,67.55
1395,80,1,142.93
1395,95,3,97.94
1395,3,1,63.93
1396,25,2,72.64
1397,1,1,171.61
1397,55,3,102.44
1397,61,1,125.38
1398,11,1,83.8
1399,14,1,420.02
1400,87,1,215.53
1400,69,1,36.59
1401,10,1,236.77
1401,13,2,424.07
1402,89,1,703.92
1403,118,2,109.93
1404,82,1,702.59
1405,58,1,690.98
1406,21,1,236.97
1406,51,1,231.78
1407,79,1,6.37
1408,68,1,139.03
1408,101,1,798.91
1409,11,1,81.66
1409,29,2,173.13
1409,79,1,7.29
1410,102,1,79.56
1410,115,1,92.91
1411,45,1,218.98
1411,26,2,260.28
1411,97,1,103.14
1412,39,1,78.11
1413,79,1,7.29
1414,77,1,186.39
1415,28,2,70.21
1415,108,1,220.37
1416,53,1,30.41
1417,112,1,193.83
1418,24,1,88.77
1418,95,1,107.71
1419,36,3,56.83
1419,100,1,5.72
1419,52,2,141.57
1420,91,1,35.55
1421,12,1,81.6
1422,84,1,80.89
1422,15,1,240.3
1423,91,1,39.99
1424,99,1,240.9
1424,31,1,60.22
1424,67,1,43.62
1425,81,1,250.76
1426,86,2,51.3
1426,110,1,82.1
1427,105,3,53.64
1427,25,1,79.6
1427,59,1,203.62
1428,119,1,15.29
1428,39,1,76.66
1429,7,1,5.03
1429,65,1,361.16
1429,71,1,70.9
1429,36,1,52.74
1430,75,1,394.58
1431,75,1,425.55
1431,77,2,207.84
1432,1,1,175.31
1433,39,1,75.86
1433,46,1,350.12
1434,113,1,86.25
1435,31,1,58.79
1435,104,1,213.01
1435,118,1,111.3
1436,8,1,97.91
1436,46,1,317.22
1437,24,1,86.35
1437,74,1,125.49
1438,104,1,185.5
1438,66,1,580.98
1438,109,1,97.65
1439,18,1,87.19
1440,110,1,87.16
1440,99,1,252.47
1440,113,1,97.54
1440,8,2,93.53
1441,16,1,617.42
1442,97,1,96.59
1442,68,1,141.07
1442,25,1,81.24
1443,10,1,207.12
1443,86,1,56.3
1443,96,1,70.03
1444,81,1,273.4
1445,116,1,282.39
1445,39,1,75.64
1445,83,1,309.69
1446,69,1,34.44
1446,15,1,234.61
1447,13,1,450.35
1447,32,1,10.19
1448,66,3,682.31
1449,96,1,65.71
1449,2,1,44.09
1449,116,1,259.84
1450,78,1,102.99
1451,78,1,96.52
1451,31,1,56.07
1451,109,1,102.72
1452,21,1,248.89
1453,113,1,90.45
1453,105,1,58.71
1454,1,1,166.5
1454,47,1,87.74
1454,101,1,817.69
1455,91,1,39.81
1455,112,1,184.09
1455,117,1,62.47
1455,44,1,39.5
1456,74,1,124.06
1457,69,1,36.49
1457,106,1,99.72
1457,86,3,53.98
1458,66,1,575.71
1459,114,2,329.95
1459,68,1,130.24
1460,60,1,710.87
1461,70,1,305.8
1462,111,1,26.77
1463,88,1,36.92
1463,46,3,377.92
1463,92,1,30.06
1464,10,2,230.31
1465,113,3,96.07
1466,23,1,124.24
1467,2,1,40.53
1468,47,1,88.03
1469,67,1,46.14
1470,93,1,39.72
1471,29,2,171.01
1472,33,2,107.71
1473,88,1,35.98
1474,92,2,29.59
1474,56,1,41.7
1474,4,1,98.11
1474,113,1,81.66
1475,108,1,207.57
1476,43,3,36.51
1476,14,1,444.8
1476,85,3,21.0
1476,9,1,36.22
1477,108,1,224.74
1478,27,1,273.7
1479,3,2,63.35
1480,54,1,68.05
1481,9,1,37.04
1482,10,1,233.77
1483,2,1,40.58
1484,95,1,107.39
1484,38,2,194.4
1485,45,1,252.21
1485,69,2,35.11
1486,120,2,75.99
1486,115,1,89.56
1487,85,2,20.28
1488,98,2,169.46
1488,78,2,109.26
1489,84,1,72.58
1490,82,2,633.77
1490,65,2,375.02
1491,48,1,254.11
1492,89,1,729.36
1492,43,2,36.01
1493,120,1,71.93
1493,1,1,152.23
1493,35,1,253.43
1494,39,2,76.33
1494,107,1,77.56
1495,49,1,93.89
1496,11,2,78.88
1497,111,2,29.77
1497,95,1,108.93
1498,75,1,404.11
1499,105,2,60.15
1500,94,1,63.99
1501,94,1,59.45
1501,53,1,30.4
1502,105,1,57.63
1503,5,1,73.14
1504,13,1,509.3
1504,52,1,150.49
1505,35,1,235.04
1505,108,1,208.0
1506,91,1,40.96
1506,42,1,36.26
1506,112,2,196.02
1507,12,1,81.04
1508,8,1,94.5
1509,83,2,320.69
1510,111,1,30.05
1511,116,1,254.24
1511,119,1,16.89
1511,77,1,213.63
1512,2,1,43.17
1512,118,1,123.53
1512,114,1,287.92
1513,96,1,65.67
1513,103,1,132.18
1513,89,1,746.97
1513,117,1,58.8
1514,36,1,62.02
1515,115,1,92.83
1516,53,1,28.56
1517,82,2,736.27
1518,90,1,40.28
1519,99,1,243.27
1519,109,2,103.95
1519,118,3,119.5
1520,47,1,84.93
1521,57,1,98.23
1522,84,1,72.11
1522,28,1,68.99
1523,1,1,157.41
1524,111,1,27.06
1525,17,1,59.89
1525,6,3,50.89
1525,93,2,41.3
1526,77,1,205.19
1527,61,1,130.76
1528,97,1,100.89
1529,22,1,49.09
1530,42,1,35.78
1530,63,1,102.7
1531,100,1,5.61
1532,35,1,240.64
1533,96,1,74.23
1534,30,2,70.0
1534,56,1,38.17
1534,54,1,61.09
1535,34,2,66.85
1535,8,1,82.06
1535,12,1,83.76
1535,35,1,252.45
1536,117,1,65.04
1536,61,2,125.85
1537,21,1,243.8
1537,53,1,28.51
1537,94,1,54.34
1538,57,1,115.51
1538,72,1,57.34
1539,79,1,7.14
1540,114,2,275.76
1540,68,1,147.38
1541,37,1,852.01
1541,18,1,77.77
1541,74,1,127.66
1542,6,2,53.04
1542,93,1,38.07
1543,63,1,92.89
1543,80,1,121.71
1543,19,2,63.75
1543,73,1,319.18
1544,64,2,27.32
1545,29,1,184.47
1545,51,3,221.67
1546,98,2,170.94
1547,50,1,26.43
1547,93,1,39.41
1547,5,1,77.14
1548,101,1,715.16
1548,1,1,169.74
1549,45,1,252.25
1549,56,1,39.84
1550,80,3,140.92
1550,16,1,682.13
1551,38,2,208.36
1551,13,1,484.01
1552,50,1,27.7
1552,113,2,80.71
1553,60,1,729.93
1554,67,1,47.34
1554,119,1,17.75
1554,64,1,27.3
1555,17,1,64.92
1556,103,2,134.31
1556,94,1,66.06
1556,70,2,276.49
1557,116,2,273.23
1558,42,2,38.21
1559,54,1,59.65
1560,113,1,92.11
1560,96,2,64.83
1561,13,1,492.52
1561,8,1,83.65
1562,65,1,351.22
1562,85,1,22.16
1562,49,2,89.77
1563,73,1,287.53
1563,45,1,221.12
1564,88,2,33.23
1565,104,1,216.34
1566,98,2,164.37
1566,17,1,65.94
1566,75,2,357.23
1567,112,1,196.45
1567,95,1,90.72
1568,60,1,838.57
1569,2,1,42.55
1569,58,3,636.98
1570,85,1,19.01
1570,100,1,5.55
1570,33,1,103.9
1571,59,2,217.36
1571,46,1,375.83
1571,106,1,115.06
1572,104,1,216.21
1572,20,2,593.45
1573,109,2,101.17
1573,13,1,482.71
1573,39,1,71.06
1574,40,1,112.74
1575,85,2,18.27
1576,108,1,229.92
1576,55,1,104.3
1576,6,2,52.72
1577,87,1,223.99
1577,45,1,215.42
1577,117,1,57.36
1577,108,1,206.75
1578,79,2,6.73
1579,99,1,227.64
1579,70,1,301.95
1579,108,1,215.66
1580,65,1,356.24
1580,112,1,189.85
1581,47,1,80.86
1582,70,2,289.11
1582,50,1,24.91
1583,15,1,279.43
1583,106,2,120.02
1584,34,3,80.94
1585,99,1,255.98
1585,1,1,171.89
1586,5,1,76.43
1586,70,1,284.85
1587,54,1,66.36
1588,53,1,30.52
1589,40,1,114.74
1590,52,2,141.68
1590,35,1,264.11
1590,17,1,65.45
1591,26,2,229.87
1591,13,1,425.16
1592,86,1,47.55
1592,82,2,617.63
1593,22,1,50.07
1593,54,1,61.64
1594,23,1,114.65
1594,2,1,43.42
1594,44,2,38.26
1595,50,1,28.3
1595,22,1,49.23
1596,22,1,44.45
1597,30,1,65.09
1597,1,1,173.63
1597,35,2,245.81
1598,49,1,101.94
1599,90,1,45.42
1599,8,1,87.37
1599,86,1,57.14
1600,104,1,203.43
1601,115,1,86.15
1602,112,1,178.0
1602,55,1,98.83
1603,55,2,119.75
1603,44,1,36.14
1603,88,1,36.41
1604,24,1,88.93
1604,117,3,67.17
1605,110,1,95.14
1605,59,1,180.97
1606,32,1,11.45
1606,17,2,60.97
1606,78,1,101.35
1607,114,1,322.19
1607,106,2,107.02
1608,40,1,126.87
1608,113,3,89.22
1608,42,2,38.71
1609,61,1,124.31
1610,28,1,65.66
1610,22,2,44.46
1611,43,1,36.06
1611,101,1,824.83
1612,108,1,236.91
1612,8,3,88.28
1612,59,1,195.56
1613,101,1,822.51
1613,52,1,161.78
1614,89,1,735.03
1615,76,2,34.93
1615,7,2,5.25
1616,1,1,177.43
1617,48,1,266.6
1618,68,1,129.56
1618,81,3,226.34
1619,74,1,121.52
1619,34,1,80.12
1619,85,1,18.69
1619,37,1,939.54
1620,85,1,21.53
1621,98,1,166.2
1622,88,1,31.27
1623,64,2,24.46
1624,69,1,31.97
1625,37,2,807.11
1625,9,1,33.22
1625,65,1,321.72
1626,90,1,38.15
1626,47,1,84.04
1627,18,1,85.96
1628,36,1,53.73
1628,14,3,468.86
1628,72,2,66.13
1629,74,1,124.62
1630,82,1,751.51
1630,72,1,63.01
1630,56,3,38.69
1631,101,1,811.2
1631,85,1,19.51
1631,112,1,174.86
1632,38,1,221.62
1633,113,2,92.0
1633,47,1,77.42
1633,3,2,69.64
1634,120,1,65.25
1634,87,2,191.85
1634,11,1,82.98
1634,96,1,68.78
1635,102,1,68.0
1635,63,2,104.1
1635,107,1,84.84
1635,116,1,232.82
1636,35,2,260.81
1636,21,3,265.64
1637,105,1,58.7
1637,12,1,75.52
1638,85,1,20.03
1638,49,1,102.66
1638,7,1,5.29
1638,29,1,164.51
1639,96,1,71.7
1639,1,1,150.87
1640,73,1,280.08
1641,46,1,377.5
1642,21,1,266.59
1643,25,2,73.86
1644,85,1,21.36
1645,7,1,5.19
1645,80,1,124.87
1645,54,2,65.75
1646,49,3,104.74
1647,39,1,74.58
1647,30,1,68.65
1648,49,1,92.26
1648,107,2,92.57
1649,69,1,35.04
1650,34,3,80.17
1651,47,1,91.09
1652,28,1,63.1
1653,89,2,632.14
1654,17,2,61.73
1654,116,2,244.67
1655,72,1,59.32
1655,107,1,79.92
1656,109,1,96.33
1657,19,1,62.16
1657,24,1,95.98
1658,73,2,316.92
1658,71,1,74.02
1659,42,1,36.06
1659,26,1,221.64
1659,109,2,106.42
1659,39,1,82.01
1660,100,1,6.21
1661,36,1,59.11
1661,88,1,33.11
1661,110,1,97.5
1662,70,2,300.29
1662,28,2,69.83
1662,108,2,219.14
1663,22,2,47.98
1663,34,1,74.79
1664,34,1,72.43
1664,78,1,98.54
1665,59,3,211.95
1665,56,1,39.6
1666,96,1,65.07
1666,58,1,676.46
1667,7,1,4.91
1667,16,2,618.74
1668,54,1,63.08
1669,43,1,37.02
1670,99,2,248.29
1670,30,1,63.53
1671,21,1,266.56
1671,31,2,61.62
1671,112,1,162.73
1672,24,3,95.03
1673,19,1,56.65
1674,28,1,62.07
1675,44,1,41.08
1676,92,1,32.61
1677,57,1,111.49
1677,21,1,257.25
1678,7,1,4.79
1679,87,1,194.85
1679,107,1,89.36
1680,58,2,713.63
1681,33,1,104.15
1682,89,2,685.17
1683,26,1,221.61
1683,44,1,35.81
1683,93,2,42.59
1684,61,1,128.33
1685,42,1,39.05
1685,41,3,58.38
1686,18,3,79.71
1686,75,1,379.3
1687,51,1,204.66
1688,29,1,190.45
1689,38,1,221.66
1690,48,1,268.22
1691,4,1,117.69
1692,5,1,75.58
1692,76,1,38.49
1693,4,1,102.35
1693,76,1,34.05
1693,16,1,593.08
1694,89,3,747.88
1694,24,1,99.53
1695,89,2,624.36
1695,93,2,36.29
1696,44,1,40.43
1697,38,1,223.88
1697,3,2,65.61
1697,55,1,104.06
1698,98,1,167.71
1699,6,1,50.25
1699,2,1,46.22
1699,43,1,31.6
1700,37,1,863.17
1701,117,2,64.21
1701,29,1,197.7
1701,92,1,33.75
1702,79,2,6.9
1703,60,1,808.3
1703,72,1,65.99
1703,13,1,453.84
1704,101,1,793.25
1705,53,1,32.24
1706,15,1,232.57
1707,91,1,37.93
1707,1,1,168.98
1708,43,1,32.01
1708,56,2,38.94
1708,4,1,115.36
1708,18,1,79.46
1709,69,1,33.45
1709,99,1,229.69
1710,33,1,106.15
1711,47,1,78.8
1711,16,1,686.74
1711,1,1,150.92
1712,85,3,18.99
1712,105,2,64.32
1712,20,1,594.54
1713,60,2,788.16
1714,33,2,98.74
1715,37,1,801.39
1715,23,3,113.96
1716,102,1,69.12
1716,89,1,713.47
1717,66,1,626.57
1718,70,1,316.73
1719,58,2,738.16
1719,81,1,245.3
1720,11,1,92.24
1720,104,2,212.45
1721,67,1,50.3
1722,51,1,224.4
1723,6,1,50.83
1724,36,1,54.76
1724,72,1,65.46
1725,103,1,127.38
1725,21,1,261.86
1725,34,1,69.72
1726,111,1,30.26
1726,86,1,55.55
1727,41,1,58.88
1727,11,1,92.62
1727,89,1,747.59
1728,99,2,252.34
1728,13,1,430.87
1729,56,1,41.63
1729,14,1,419.4
1730,12,2,75.25
1730,71,1,71.54
1731,76,2,37.32
1732,34,1,72.37
1733,33,1,94.98
1734,11,2,93.88
1735,112,1,185.29
1736,104,1,223.42
1737,87,1,222.33
1738,59,1,180.15
1739,90,1,42.7
1740,74,2,126.3
1740,71,1,74.48
1741,43,1,36.09
1742,44,2,38.73
1742,115,1,85.58
1743,60,1,719.33
1744,1,2,170.69
1744,5,2,76.89
1745,84,1,87.38
1745,120,1,66.12
1745,70,1,295.22
1746,111,2,28.1
1747,105,2,57.06
1747,94,2,55.7
1748,36,1,54.12
1749,75,2,367.35
1749,113,2,92.61
1749,51,1,207.23
1750,93,2,41.25
1751,100,1,5.97
1751,4,1,110.54
1752,4,2,99.98
1752,113,1,97.48
1752,9,1,36.55
1753,118,1,104.99
1753,113,1,80.13
1753,104,3,216.36
1753,51,2,239.71
1754,17,3,57.47
1755,59,1,191.2
1756,93,2,39.42
1756,54,1,69.77
1757,10,1,206.61
1757,69,1,34.74
1757,44,2,39.84
1758,32,1,10.71
1758,64,3,26.09
1758,71,3,84.24
1759,67,1,42.72
1759,15,1,277.09
1760,33,2,98.32
1760,63,3,104.89
1760,57,1,113.9
1761,17,1,57.5
1761,48,1,281.67
1761,95,3,95.86
1762,91,1,40.42
1762,51,1,223.78
1762,76,1,35.62
1763,40,1,117.14
1763,77,1,200.72
1764,97,1,100.42
1764,119,1,16.92
1764,113,1,90.55
1765,61,2,124.59
1765,99,2,229.97
1765,73,2,309.95
1765,62,1,82.84
1766,56,2,37.62
1767,81,3,264.4
1768,105,1,58.05
1768,10,3,249.21
1769,89,1,669.99
1769,102,1,79.91
1770,89,1,649.12
1770,101,1,739.51
1771,28,1,67.07
1772,45,3,241.79
1773,116,1,242.51
1773,99,2,242.93
1774,45,1,241.66
1775,8,2,85.87
1776,67,1,46.02
1776,118,1,104.86
1777,12,2,87.06
1777,79,1,6.8
1778,118,2,110.25
1778,62,1,87.26
1778,78,2,113.18
1779,51,1,214.13
1780,15,1,276.28
1781,38,1,198.7
1781,52,1,149.9
1782,40,2,117.58
1782,52,1,138.22
1782,102,1,69.29
1783,32,2,11.59
1783,52,1,138.36
1784,112,1,180.23
1785,28,1,68.57
1786,88,3,36.11
1786,21,1,248.53
1786,62,1,92.16
1787,27,2,261.09
1787,86,1,48.81
1788,46,2,373.67
1789,91,1,37.12
1789,75,2,424.84
1789,97,2,96.31
1790,45,1,237.61
1791,53,2,30.13
1791,80,1,143.96
1791,57,2,106.84
1791,25,3,84.48
1792,10,2,211.28
1792,70,1,312.88
1793,91,1,36.09
1793,42,1,37.39
1794,99,2,237.96
1794,67,1,47.67
1794,46,1,339.68
1795,3,1,71.76
1796,103,1,134.05
1796,60,1,786.67
1797,84,1,76.65
1797,60,1,846.94
1798,38,1,219.62
1798,5,1,71.4
1799,105,1,60.3
1800,114,1,314.36
1801,51,3,245.6
1801,7,1,5.32
1802,79,1,6.41
1803,44,2,33.84
1803,48,2,248.6
1804,78,1,94.06
1804,12,2,85.14
1804,10,1,206.57
1805,105,1,60.32
1805,80,1,122.27
1805,108,3,206.91
1806,1,1,153.72
1807,13,2,462.85
1808,32,1,9.87
1809,55,1,102.87
1809,78,1,108.15
1810,79,1,6.38
1811,85,2,19.34
1812,26,1,260.88
1813,102,1,72.17
1814,68,1,128.08
1814,83,2,321.33
1814,93,2,35.82
1814,76,2,33.36
1815,114,2,293.0
1815,48,2,267.27
1815,3,1,61.17
1816,110,1,91.15
1816,48,3,247.01
1816,62,2,90.69
1817,34,2,80.71
1817,102,1,76.55
1817,1,1,170.85
1817,78,2,105.25
1818,108,2,232.03
1818,40,1,123.03
1819,118,2,119.46
1820,15,2,246.93
1821,41,2,57.64
1821,101,2,773.46
1821,9,1,34.92
1821,23,1,120.37
1822,47,1,88.44
1822,6,3,52.72
1823,36,1,59.28
1824,71,1,80.89
1825,92,2,30.73
1826,1,1,166.54
1827,41,1,59.45
1827,85,3,19.26
1827,53,1,27.99
1828,85,1,20.22
1828,112,1,180.49
1829,53,1,30.25
1829,106,1,117.7
1829,93,3,36.65
1830,53,1,30.73
1831,17,2,61.6
1832,55,1,118.75
1833,20,2,558.54
1833,93,1,40.1
1833,45,1,210.46
1833,36,1,59.61
1834,67,1,48.46
1835,41,1,59.63
1836,111,1,28.07
1836,91,1,40.34
1837,100,2,6.51
1838,96,1,67.35
1838,60,3,838.59
1839,58,1,653.07
1839,32,2,11.51
1839,52,1,149.28
1840,80,1,145.07
1840,33,2,108.2
1841,66,1,696.41
1841,77,1,202.83
1842,75,1,370.73
1842,116,1,278.74
1842,22,1,49.7
1843,115,1,95.52
1843,66,2,668.53
1844,97,1,101.72
1844,44,1,38.6
1845,22,1,50.54
1845,15,2,264.61
1845,115,1,88.59
1846,34,2,72.63
1847,26,1,218.41
1847,97,2,107.13
1848,73,1,311.36
1848,28,1,62.56
1848,15,2,238.84
1849,13,1,482.71
1850,74,1,124.62
1850,54,1,66.8
1850,92,1,30.43
1850,14,1,472.23
1851,30,1,67.14
1852,93,1,35.93
1853,72,1,64.5
1853,99,1,250.5
1854,64,1,24.39
1854,83,1,328.45
1854,91,2,41.48
1855,71,1,74.56
1856,57,1,100.04
1856,75,1,398.03
1857,90,1,39.7
1857,73,1,273.6
1858,60,1,742.36
1859,101,1,707.38
1859,88,1,36.9
1860,57,1,100.26
1860,74,1,117.39
1860,113,1,85.5
1861,101,1,817.69
1861,47,1,93.06
1862,49,2,100.84
1862,106,1,112.63
1862,32,1,10.29
1863,24,1,93.04
1863,86,1,51.89
1864,84,1,80.46
1865,4,2,102.21
1865,87,1,197.1
1866,103,1,120.59
1867,22,1,48.21
1867,73,1,309.03
1867,79,3,7.49
1867,32,2,11.71
1868,115,1,92.62
1868,116,1,268.83
1869,24,2,91.57
1869,62,1,86.04
1870,31,1,58.22
1871,41,1,65.79
1872,92,1,33.98
1872,45,1,229.91
1873,70,1,329.05
1873,33,1,111.4
1873,79,2,6.55
1874,106,1,103.65
1874,89,1,752.77
1875,43,1,34.95
1876,41,1,62.75
1876,101,1,702.23
1877,95,1,103.56
1877,40,1,125.73
1877,71,1,81.99
1878,69,2,34.82
1879,28,1,58.16
1879,8,1,86.97
1880,115,1,102.8
1880,85,2,20.17
1880,87,2,193.7
1880,118,1,116.44
1881,31,1,63.34
1881,88,2,30.77
1882,41,1,61.18
1883,54,2,64.36
1883,38,1,199.29
1884,33,2,112.32
1884,25,1,83.78
1885,43,1,35.05
1885,26,1,221.24
1886,100,1,5.89
1887,101,1,802.53
1888,51,2,209.33
1889,76,1,39.31
1889,97,1,102.4
1889,110,1,99.97
1890,31,1,52.9
1891,52,1,137.22
1892,57,2,113.12
1893,15,1,232.75
1894,81,1,232.3
1895,71,3,72.99
1896,1,1,159.91
1897,15,1,247.44
1897,57,1,97.85
1898,52,1,138.41
1898,66,3,631.33
1898,19,3,56.63
1899,87,2,223.12
1900,110,1,82.31
1900,53,2,31.15
1900,104,1,213.19
1901,54,2,70.97
1901,60,1,709.49
1901,16,1,615.48
1901,89,1,719.63
1902,52,1,144.4
1902,83,2,316.9
1902,16,1,686.82
1903,15,1,255.88
1904,52,1,148.95
1904,60,1,729.25
1904,17,1,56.73
1905,44,1,36.71
1905,75,1,368.92
1906,23,3,111.83
1906,72,1,63.36
1906,117,1,65.89
1907,48,1,246.3
1907,112,1,188.1
1907,34,1,80.31
1908,42,1,36.47
1909,112,1,165.41
1909,119,1,15.03
1909,54,2,69.58
1910,9,1,36.94
1910,114,1,326.62
1911,14,2,457.78
1912,52,1,151.1
1912,67,1,47.93
1913,112,1,186.32
1914,108,1,230.26
1915,120,1,70.71
1915,38,1,222.91
1916,62,1,94.0
1916,106,1,101.28
1917,62,1,92.16
1918,48,1,260.03
1918,108,1,240.76
1918,118,1,121.07
1919,95,1,104.36
1919,10,1,236.99
1920,74,2,119.57
1920,97,1,99.45
1921,106,1,102.83
1921,36,1,55.32
1921,98,1,190.5
1922,36,1,62.54
1922,114,1,272.06
1923,118,2,112.75
1924,10,1,218.7
1924,31,1,55.82
1924,41,1,61.27
1925,79,1,6.22
1926,92,2,31.36
1927,24,2,104.15
1927,63,1,92.52
1927,11,2,81.06
1928,73,1,305.11
1928,57,1,105.48
1928,109,1,113.23
1929,97,1,106.78
1929,6,2,43.98
1930,101,1,820.82
1931,31,1,63.08
1932,108,1,232.97
1932,66,3,658.88
1933,72,1,63.62
1934,65,2,372.85
1934,102,1,70.58
1934,109,1,104.21
1935,85,1,21.81
1935,38,1,199.17
1935,71,1,77.26
1936,49,1,98.14
1937,75,1,411.32
1938,10,1,223.82
1938,79,1,6.25
1938,115,1,99.39
1939,39,1,70.01
1939,88,1,33.13
1940,116,1,252.05
1941,7,1,5.25
1942,32,1,10.64
1943,104,2,206.16
1944,19,1,65.01
1944,10,1,251.69
1944,35,3,246.58
1944,27,1,261.04
1945,4,2,98.04
1946,23,2,108.8
1947,68,1,142.9
1948,101,1,824.61
1949,98,1,165.89
1950,36,1,58.73
1951,47,3,91.56
1951,74,2,129.59
1952,46,1,330.49
1952,8,1,82.17
1953,22,2,46.8
1953,13,1,492.77
1954,4,1,111.38
1955,85,2,19.34
1956,111,1,30.17
1957,47,1,78.61
1958,56,2,39.11
1959,106,1,99.78
1959,117,2,67.96
1960,46,1,318.52
1960,89,1,666.53
1961,20,1,582.59
1961,109,1,96.39
1962,41,1,63.57
1963,12,1,83.36
1964,25,1,84.59
1965,61,1,123.69
1965,45,1,227.04
1966,40,1,119.77
1966,45,2,251.11
1966,16,2,657.88
1967,69,1,38.47
1968,47,1,84.2
1969,31,1,55.56
1969,114,2,309.81
1969,113,1,81.23
1970,74,1,127.67
1970,33,1,101.41
1970,30,1,62.5
1970,49,1,88.49
1971,10,1,240.07
1971,37,1,793.7
1971,78,1,105.26
1972,19,1,56.31
1973,110,2,88.69
1973,39,1,75.11
1973,93,1,37.93
1974,98,1,168.68
1975,86,1,52.24
1975,46,2,382.16
1976,50,1,27.77
1977,16,1,598.16
1978,28,1,66.57
1978,38,1,216.63
1979,53,1,32.14
1979,4,1,101.97
1979,77,1,190.97
1980,67,1,49.19
1981,80,1,120.63
1981,16,1,692.92
1982,10,1,243.88
1983,14,1,432.1
1983,17,1,59.0
1983,90,1,38.53
1984,12,1,76.71
1985,18,1,77.36
1986,94,1,62.56
1987,103,1,126.94
1988,57,2,96.35
1989,117,1,57.2
1989,7,1,4.65
1990,27,1,247.71
1990,48,2,265.34
1990,29,2,180.0
1991,107,1,80.76
1992,46,1,320.58
1993,64,1,25.82
1994,1,2,156.77
1994,93,1,39.55
1994,9,1,32.55
1995,44,1,39.33
1995,40,1,123.11
1995,95,1,97.31
1996,93,1,37.86
1997,88,1,36.41
1998,2,1,41.42
1998,68,2,143.08
1998,116,1,243.82
1998,34,1,67.37
1999,7,1,4.77
2000,60,2,763.78
2001,95,2,105.54
2001,43,1,37.76
2001,111,1,30.76
2002,90,1,42.02
2002,37,1,908.99
2003,93,1,35.68
2004,99,1,239.63
2005,68,1,146.37
2005,88,1,36.28
2006,4,1,97.25
2007,81,2,225.07
2007,23,1,128.67
2008,87,1,215.9
2008,110,1,96.84
2009,111,1,27.87
2009,117,1,64.38
2010,104,1,184.5
2010,82,1,704.67
2010,22,1,45.04
2011,37,1,862.75
2011,117,1,57.35
2012,45,1,248.32
2013,67,3,49.1
2014,100,2,6.09
2015,85,2,19.21
2016,57,1,94.78
2016,70,2,273.63
2017,13,2,484.28
2017,114,1,320.6
2017,68,1,143.63
2018,55,1,114.53
2019,104,1,214.08
2019,86,1,53.24
2020,119,1,17.47
2021,79,1,6.23
2021,95,1,95.76
2022,113,1,81.83
2023,96,1,66.55
2024,64,1,23.79
2025,60,1,772.29
2026,90,1,42.08
2026,68,1,130.13
2026,21,1,236.23
2027,7,1,5.23
2027,36,1,60.79
2027,13,1,472.13
2028,99,1,223.4
2028,4,1,114.86
2028,114,1,322.48
2029,106,1,105.15
2029,97,1,108.65
2030,31,1,61.8
2031,57,2,100.54
2032,119,1,15.78
2032,6,2,44.0
2033,48,1,264.59
2034,120,1,75.37
2034,81,1,269.62
2034,10,2,238.82
2034,57,1,105.42
2035,3,2,66.26
2035,44,2,40.74
2036,47,1,87.91
2036,29,1,171.52
2037,94,1,63.67
2037,75,2,383.12
2038,50,1,25.97
2039,95,1,101.29
2040,22,1,43.12
2041,2,1,40.3
2041,96,1,73.83
2041,54,2,61.85
2042,93,1,37.83
2043,88,2,35.8
2044,31,1,61.18
2045,82,2,714.84
2045,57,3,106.67
2045,5,1,71.66
2046,31,1,55.92
2047,54,1,64.29
2048,45,2,251.62
2049,90,1,44.3
2049,97,1,112.15
2050,99,2,230.98
2050,83,1,310.64
2051,94,1,55.78
2051,105,1,59.53
2051,97,1,108.59
2052,76,2,36.03
2052,59,1,188.28
2052,43,1,32.1
2053,15,1,248.21
2054,78,1,96.54
2055,94,1,62.5
2055,64,1,23.07
2056,86,3,55.63
2056,92,2,34.09
2056,106,1,100.02
2057,8,1,92.76
2057,112,1,164.93
2057,24,1,98.12
2058,52,2,158.06
2059,79,1,6.18
2060,87,1,190.52
2061,33,1,95.37
2062,39,1,76.23
2062,120,1,69.74
2062,59,1,205.91
2063,61,2,118.43
2064,54,1,71.21
2065,114,1,294.76
2065,65,2,388.26
2065,29,2,170.59
2066,100,1,5.64
2067,41,1,59.95
2068,93,1,39.55
2068,14,3,442.04
2069,59,1,196.87
2069,105,1,56.44
2070,16,2,621.43
2071,49,1,94.74
2072,100,1,6.44
2072,88,1,31.93
2072,80,2,142.68
2073,63,1,97.96
2074,111,1,28.63
2074,5,2,75.4
2075,77,1,216.27
2075,93,2,35.94
2075,30,2,69.86
2075,70,1,313.6
2076,21,1,239.05
2076,56,1,36.22
2076,87,1,204.0
2076,40,1,127.58
2077,55,1,100.12
2077,7,2,5.32
2077,77,1,192.46
2078,109,3,101.54
2078,117,1,64.32
2079,62,3,90.66
2079,50,1,27.53
2079,85,1,19.17
2080,88,1,36.32
2081,29,2,196.59
2082,83,1,279.72
2083,79,1,6.28
2084,20,1,556.17
2085,4,1,99.51
2085,78,3,98.86
2086,97,1,112.07
2086,23,1,112.78
2087,22,1,46.43
2088,36,1,55.84
2089,54,1,68.29
2090,94,1,54.58
2090,11,1,88.19
2090,88,1,36.25
2091,61,1,133.04
2091,42,1,39.08
2092,5,1,67.52
2092,18,1,75.07
2092,17,1,59.5
2093,82,1,744.23
2093,40,3,106.41
2093,51,1,235.94
2094,49,1,103.33
2094,79,1,7.0
2094,55,1,115.36
2094,69,2,34.05
2095,84,2,84.34
2096,23,2,116.34
2097,14,1,489.76
2098,31,1,56.76
2098,76,2,39.13
2099,58,1,660.73
2100,36,1,54.48
2100,13,1,499.54
2101,63,2,102.72
2102,103,2,123.77
2103,98,1,162.29
2104,85,1,21.43
2105,120,1,74.01
2106,2,1,44.38
2107,23,1,112.38
2107,75,1,429.52
2108,48,1,240.36
2108,104,1,221.69
2108,26,1,230.43
2108,120,1,72.01
2109,42,1,37.49
2109,84,1,82.48
2110,83,2,316.0
2111,80,1,130.9
2112,55,1,117.65
2113,6,1,51.96
2113,109,2,113.56
2113,88,1,31.62
2113,117,1,65.75
2114,48,1,261.0
2115,72,1,67.96
2116,41,1,62.46
2116,21,1,222.73
2117,84,2,72.45
2118,66,1,634.12
2119,78,1,108.29
2120,86,1,48.68
2120,77,1,191.39
2120,117,1,62.67
2120,33,1,99.92
2121,13,1,482.13
2122,103,1,134.58
2122,23,2,113.82
2122,60,1,764.88
2123,76,1,39.02
2123,94,1,57.64
2124,47,2,82.77
2125,53,1,32.28
2126,81,1,255.61
2126,74,2,122.9
2127,38,1,212.02
2128,69,1,38.11
2128,74,1,127.19
2129,91,2,38.17
2129,106,1,110.26
2130,62,1,96.09
2131,27,1,252.44
2132,78,1,104.11
2133,114,1,314.22
2134,92,1,32.44
2134,47,1,83.01
2134,101,1,756.74
2134,73,1,291.23
2135,23,1,111.74
2135,26,2,237.22
2136,59,1,180.0
2136,30,1,61.33
2136,47,1,78.01
2137,23,2,123.31
2137,77,1,186.78
2138,42,1,33.23
2139,100,1,5.95
2140,66,1,656.97
2141,4,1,116.37
2142,10,1,213.27
2142,45,1,251.86
2143,99,1,259.31
2144,50,1,25.01
2145,68,1,124.41
2146,39,1,72.91
2147,1,2,171.21
2147,115,3,93.04
2147,44,1,34.56
2148,57,1,110.93
2148,16,2,689.23
2148,73,3,316.3
2149,92,1,35.51
2150,27,1,248.08
2151,80,3,132.59
2152,18,2,76.0
2153,59,1,202.05
2153,107,1,76.84
2153,80,1,133.68
2154,12,1,75.21
2154,107,1,79.27
2155,42,1,39.77
2156,47,1,91.3
2157,96,2,74.09
2157,90,3,41.16
2157,106,1,105.49
2158,60,2,806.86
2159,63,1,106.1
2160,86,1,54.29
2160,41,2,63.52
2160,83,2,306.96
2161,63,1,88.67
2161,42,2,38.64
2161,115,1,94.1
2162,77,1,200.0
2163,87,1,226.95
2163,74,1,121.19
2163,1,1,167.17
2164,40,1,122.87
2164,19,1,67.75
2164,110,2,86.73
2164,95,1,97.95
2165,34,1,74.88
2165,6,2,45.9
2166,35,1,233.16
2166,79,2,7.06
2166,120,1,66.75
2167,90,3,44.23
2167,111,2,30.63
2168,88,1,34.96
2168,1,2,146.04
2169,70,1,325.7
2169,32,1,10.95
2169,117,1,57.57
2170,10,1,247.82
2170,69,3,32.24
2170,105,1,55.59
2171,84,2,86.35
2172,41,2,64.6
2172,77,1,205.05
2173,84,1,87.23
2173,114,1,328.42
2173,30,1,70.62
2174,64,1,25.27
2175,83,1,317.33
2176,73,1,280.68
2176,90,1,41.2
2176,10,1,244.3
2177,73,1,284.79
2178,120,1,71.16
2179,59,1,202.73
2179,119,3,15.39
2180,3,1,64.0
2181,68,1,133.23
2182,78,1,112.43
2183,50,1,27.37
2184,34,1,71.47
2184,30,1,69.69
2184,100,1,6.28
2185,33,1,110.95
2185,46,1,325.08
2186,39,1,80.3
2186,81,1,229.5
2187,42,2,38.65
2187,29,1,178.17
2187,40,1,118.61
2188,106,1,107.96
2188,72,1,68.32
2189,104,1,208.65
2190,35,3,272.05
2191,23,1,126.55
2191,66,1,650.72
2192,14,2,426.89
2192,35,1,249.28
2193,94,2,54.98
2194,42,2,34.78
2194,74,2,117.56
2194,63,1,92.62
2195,28,1,70.0
2196,11,1,93.6
2196,74,1,129.59
2196,117,3,60.02
2197,56,1,37.55
2197,98,1,180.21
2198,6,1,46.19
2198,15,2,259.05
2199,43,2,32.45
2199,92,1,34.39
2199,107,1,79.44
2200,33,1,108.13
2201,6,1,50.17
2202,62,1,87.34
2202,99,1,247.46
2203,107,2,89.32
2203,43,1,33.67
2204,91,1,36.78
2204,68,1,123.93
2204,101,3,777.0
2204,120,1,67.91
2205,26,2,254.71
2205,43,2,34.14
2205,42,1,33.83
2206,120,1,68.85
2206,57,1,103.62
2207,37,1,939.61
2208,60,1,836.44
2208,5,1,68.45
2208,41,2,61.97
2209,27,1,267.53
2210,52,1,160.86
2210,109,2,103.8
2211,79,1,6.22
2212,4,1,101.26
2212,99,1,255.33
2213,44,2,33.94
2213,1,1,169.65
2214,27,2,277.67
2215,43,1,37.79
2216,40,1,116.84
2216,109,1,115.76
2217,86,2,56.24
2218,41,1,55.01
2218,93,1,41.02
2218,22,1,43.45
2219,52,1,163.8
2220,53,1,27.66
2221,19,1,66.52
2221,11,1,94.47
2221,2,1,40.05
2222,81,1,234.36
2223,7,3,4.96
2223,92,2,31.88
2224,52,2,136.68
2225,50,3,27.71
2225,1,1,174.37
2225,33,1,92.53
2226,41,1,56.05
2227,29,1,194.15
2228,115,1,91.11
2228,108,1,219.29
2229,73,1,308.64
2230,117,1,60.55
2230,20,1,599.84
2230,96,1,76.02
2231,55,2,111.88
2232,16,1,581.06
2232,59,2,192.12
2232,35,3,240.17
2233,35,2,269.96
2234,96,1,66.02
2234,50,2,28.18
2235,114,2,323.23
2235,90,1,39.41
2235,28,2,64.17
2235,98,1,174.73
2236,46,1,342.27
2236,112,1,168.0
2236,16,1,684.32
2237,72,1,61.23
2237,113,1,87.6
2238,90,1,40.73
2238,4,1,109.24
2239,16,1,649.82
2239,87,1,193.29
2240,73,1,272.13
2241,65,1,384.33
2242,2,1,39.11
2243,42,2,39.78
2243,35,1,239.44
2244,24,2,87.03
2244,75,2,411.24
2245,31,1,61.1
2246,33,2,95.2
2246,11,1,81.24
2247,102,1,74.37
2247,49,1,95.83
2247,24,1,93.98
2248,64,1,26.52
2248,31,1,57.44
2249,47,1,90.55
2249,105,1,56.62
2250,82,1,667.41
2250,38,2,218.43
2250,11,2,87.96
2251,39,1,82.38
2251,15,1,263.57
2251,55,1,109.05
2252,104,1,194.16
2252,4,1,115.44
2253,107,2,85.18
2253,61,1,140.94
2253,88,1,33.14
2254,84,1,75.71
2254,10,1,220.64
2254,20,1,610.33
2255,39,1,74.03
2256,5,2,70.84
2257,16,2,681.0
2257,82,1,629.29
2258,110,1,94.07
2259,113,1,90.46
2260,117,2,58.72
2260,64,1,23.4
2261,38,1,211.21
2261,61,2,142.38
2261,82,1,657.63
2262,59,1,181.34
2263,70,3,282.81
2264,46,1,324.38
2264,27,1,241.57
2265,20,1,624.44
2265,4,1,115.06
2266,97,1,98.09
2266,103,1,137.97
2267,62,1,93.48
2268,18,1,74.92
2268,36,1,58.31
2269,94,1,65.41
2269,26,1,226.91
2270,59,1,192.34
2270,89,1,648.19
2271,73,1,302.13
2272,33,1,105.56
2272,83,1,271.84
2272,46,2,380.73
2273,29,1,167.39
2274,97,1,107.85
2274,49,2,106.26
2274,11,1,88.89
2275,80,1,126.8
2275,81,1,266.5
2276,75,1,401.29
2276,59,1,203.87
2277,104,2,194.15
2277,117,1,67.63
2277,40,1,123.83
2278,94,1,62.88
2278,22,1,46.02
2278,37,2,926.42
2279,20,1,593.76
2280,21,2,264.8
2281,76,1,35.79
2282,26,1,229.45
2283,13,2,489.56
2284,48,1,268.37
2284,47,1,78.13
2285,26,3,256.25
2286,61,1,143.16
2287,76,1,32.89
2287,101,1,762.9
2287,72,2,57.66
2288,78,1,108.93
2288,22,1,43.77
2289,37,1,888.62
2290,47,1,90.78
2291,1,2,159.45
2292,110,1,82.67
2293,15,1,265.99
2293,90,1,41.4
2294,8,1,85.85
2295,63,1,90.14
2295,83,1,314.98
2295,107,1,79.86
2296,109,2,102.45
2296,15,2,234.27
2296,62,1,89.92
2297,92,1,33.1
2297,48,3,242.11
2297,119,1,16.4
2298,76,1,34.09
2299,68,1,141.52
2299,56,2,34.75
2300,59,3,197.21
2300,62,1,83.74
2301,92,2,34.41
2301,50,1,27.39
2302,65,1,363.96
2303,75,1,413.05
2303,120,1,73.35
2304,9,1,33.74
2304,12,2,80.13
2305,71,1,80.03
2305,10,2,211.74
2305,19,1,58.22
2306,40,2,119.32
2306,95,1,95.54
2306,30,1,60.15
2307,13,1,425.06
2308,119,1,16.51
2309,52,1,163.88
2309,11,1,88.11
2310,53,1,28.6
2310,96,1,75.39
2311,14,1,414.3
2311,119,1,16.31
2311,29,1,172.49
2312,54,1,66.23
2312,112,1,190.39
2313,71,1,81.21
2313,105,2,61.72
2313,92,1,29.9
2314,57,1,108.02
2314,94,1,61.5
2315,119,1,17.84
2315,58,1,738.14
2316,5,1,68.47
2317,6,1,48.7
2318,53,1,28.8
2318,28,1,70.01
2318,44,1,37.79
2319,109,1,116.62
2319,32,3,10.18
2320,66,1,670.99
2321,84,1,77.96
2321,30,1,66.05
2321,80,3,136.15
2322,72,1,63.06
2323,31,1,60.35
2323,110,1,98.83
2324,14,1,452.26
2325,106,1,113.98
2326,49,2,103.64
2327,112,1,162.21
2328,35,1,274.63
2328,71,1,80.5
2328,31,1,55.07
2329,64,1,25.41
2330,25,2,71.18
2331,116,3,246.42
2332,90,2,40.78
2333,21,1,243.48
2333,30,2,68.8
2333,48,2,269.37
2334,116,1,260.96
2335,94,1,65.38
2336,53,1,28.75
2337,86,2,55.38
2337,3,1,69.43
2337,10,1,249.03
2338,51,1,246.98
2338,99,1,260.02
2339,6,1,45.14
2339,116,1,272.34
2339,107,2,80.11
2340,14,2,490.15
2340,102,1,76.47
2341,34,1,71.02
2341,37,3,897.36
2342,9,1,38.99
2342,41,1,54.8
2342,16,1,665.94
2343,63,1,94.48
2343,62,1,80.8
2343,89,1,745.41
2343,77,1,220.36
2344,45,1,242.82
2344,54,1,67.56
2344,75,2,408.63
2345,30,1,66.69
2345,41,1,64.25
2345,59,1,195.38
2346,18,1,75.82
2346,70,2,278.25
2347,10,1,225.15
2347,102,2,71.57
2348,91,1,39.31
2349,102,1,67.96
2350,113,1,93.58
2351,2,1,45.27
2352,48,1,285.38
2352,103,1,142.64
2353,92,1,34.86
2353,87,1,210.06
2353,38,2,202.62
2354,12,1,83.02
2355,87,2,230.32
2356,46,1,343.92
2356,119,2,15.14
2357,51,1,244.66
2358,19,1,57.58
2359,99,1,253.75
2359,70,3,283.9
2360,103,1,128.19
2360,89,1,706.01
2361,4,1,103.61
2362,51,3,221.17
2363,12,1,81.61
2364,96,1,69.74
2364,108,1,219.05
2365,79,1,6.17
2365,37,1,870.46
2366,120,1,67.01
2366,53,1,32.02
2367,114,1,325.6
2367,105,3,63.05
2367,11,2,89.32
2368,110,1,86.32
2369,57,1,105.09
2370,89,1,679.79
2371,40,1,105.04
2372,17,1,66.57
2372,11,2,92.44
2372,27,1,267.97
2373,114,1,330.23
2373,13,1,489.1
2374,11,1,79.98
2374,3,1,65.4
2374,8,1,86.6
2375,49,2,106.95
2375,10,1,236.43
2375,52,1,153.12
2376,84,1,82.14
2376,13,1,482.27
2377,23,2,128.78
2378,116,1,265.57
2378,52,1,147.72
2379,33,1,92.59
2380,82,1,629.32
2380,91,2,39.72
2381,88,3,30.56
2381,74,1,118.37
2382,14,1,442.67
2383,36,3,60.18
2383,104,2,201.05
2384,28,2,65.52
2385,65,1,325.67
2385,3,1,62.33
2386,92,2,33.77
2387,39,1,78.56
2388,80,1,123.38
2388,35,1,225.48
2388,99,1,257.76
2389,43,1,36.55
2389,14,1,413.6
2390,2,1,40.86
2391,20,2,594.02
2391,79,2,6.76
2391,58,1,773.92
2392,53,2,32.58
2392,54,1,69.97
2393,66,1,578.31
2393,14,2,433.19
2393,28,1,66.79
2394,81,1,262.73
2395,48,1,250.49
2396,82,1,711.16
2397,3,1,59.68
2397,56,1,38.08
2398,20,1,573.45
2398,52,1,150.07
2398,65,1,381.09
2399,94,1,56.36
2399,69,2,35.62
2400,83,1,300.62
2400,21,2,252.45
2400,16,1,587.21
2401,26,1,235.9
2401,120,1,71.38
2402,7,2,5.5
2402,67,1,49.09
2403,115,2,92.09
2403,8,1,92.45
2404,2,1,40.73
2404,44,1,41.12
2405,116,1,245.61
2405,56,1,35.15
2406,109,2,97.47
2407,65,1,366.63
2408,104,3,220.66
2408,110,2,93.3
2408,96,1,66.77
2409,11,1,93.1
2409,79,1,6.7
2409,59,1,190.21
2410,64,1,25.05
2411,83,1,307.48
2412,29,2,198.98
2412,28,1,70.05
2412,47,1,76.85
2412,33,1,103.45
2413,97,3,101.17
2413,77,1,188.54
2414,25,1,78.32
2414,111,1,28.05
2414,95,1,105.76
2414,53,1,28.34
2415,18,1,89.28
2416,68,1,134.57
2417,7,2,4.62
2418,30,2,64.72
2419,59,1,187.22
2419,50,1,25.15
2420,48,2,258.96
2421,29,1,177.78
2421,70,2,289.6
2422,76,1,33.29
2422,65,1,326.8
2423,115,1,91.99
2424,56,1,39.26
2424,55,1,112.46
2425,118,1,125.99
2425,27,1,271.2
2425,24,1,86.08
2426,30,1,63.3
2426,25,1,77.14
2427,64,1,26.42
2427,43,2,37.06
2427,18,2,85.09
2428,12,1,78.83
2428,78,3,106.73
2428,58,1,642.37
2429,108,1,233.03
2429,6,1,48.65
2429,73,1,323.36
2429,29,2,193.34
2430,22,1,44.09
2431,25,1,84.55
2431,70,1,295.7
2432,60,1,755.36
2433,16,3,620.8
2434,79,1,6.3
2435,74,1,125.0
2435,65,2,380.22
2436,93,1,41.28
2437,67,1,47.6
2437,14,3,439.49
2438,6,1,52.31
2438,72,2,57.96
2439,51,1,230.35
2440,3,1,63.51
2440,4,1,112.6
2440,113,1,88.0
2441,29,1,165.92
2442,22,1,43.31
2442,71,1,79.8
2443,104,2,209.84
2443,12,1,81.55
2444,48,1,278.3
2445,21,1,263.18
2446,94,2,63.67
2447,110,1,90.57
2447,15,1,257.54
2448,69,3,38.11
2448,35,1,261.09
2449,78,1,112.27
2449,24,1,90.98
2450,24,2,93.95
2450,26,1,260.18
2451,34,3,77.59
2451,111,2,32.11
2452,64,2,24.46
2452,25,1,71.85
2452,109,2,112.16
2453,53,1,32.97
2454,8,1,84.51
2454,111,1,28.02
2454,73,1,323.38
2455,58,1,656.33
2456,59,1,184.64
2457,101,2,808.51
2458,79,1,6.38
2459,55,1,114.69
2459,109,1,117.46
2459,102,1,73.96
2460,86,1,47.76
2460,70,1,277.99
2460,29,1,186.98
2461,110,1,90.34
2461,81,1,271.72
2461,83,1,317.51
2461,53,1,33.24
2462,87,2,190.14
2463,9,1,38.45
2464,81,2,253.77
2465,14,1,494.41
2465,26,1,240.17
2465,120,2,69.22
2465,46,1,326.28
2466,54,1,68.34
2467,62,1,91.77
2467,36,1,54.01
2468,54,2,66.59
2468,6,2,53.31
2469,36,1,62.56
2469,45,2,252.0
2470,23,1,119.38
2471,31,1,58.32
2471,34,2,68.61
2472,61,2,120.53
2472,56,1,35.34
2472,12,2,81.7
2473,58,2,705.05
2473,39,1,73.53
2474,37,1,953.04
2474,95,1,93.72
2474,74,2,119.59
2475,102,1,74.19
2475,36,1,60.42
2476,5,1,76.35
2476,22,1,48.45
2476,107,1,76.03
2477,47,1,85.43
2478,56,1,38.07
2478,80,3,123.33
2479,80,1,137.12
2479,104,2,211.34
2480,66,2,651.93
2481,62,1,83.01
2482,104,1,186.09
2483,98,1,171.38
2483,76,2,39.2
2484,62,2,88.74
2484,72,1,69.06
2484,27,1,260.45
2485,32,1,9.87
2486,62,1,80.58
2487,106,1,115.57
2487,103,1,121.42
2488,46,1,358.89
2489,35,1,234.88
2489,28,1,58.04
2490,78,1,94.82
2490,105,1,57.84
2490,45,1,218.08
2491,52,1,137.66
2492,4,2,117.04
2493,32,1,11.33
2494,109,1,102.03
2494,95,1,106.2
2495,44,3,39.95
2495,48,1,272.81
2495,39,3,82.42
2495,37,2,833.92
2496,89,1,672.79
2497,37,2,809.7
2497,81,3,254.86
2498,109,2,116.17
2499,65,1,381.86
2500,109,1,98.57
2500,79,2,7.48
2500,81,1,234.81
2501,102,1,74.41
2502,27,1,241.77
2503,113,1,95.47
2504,113,2,85.21
2505,118,1,105.58
2506,100,1,5.57
2506,15,1,260.67
2506,26,3,224.28
2507,83,2,283.21
2507,26,1,248.31
2508,68,1,144.75
2509,24,1,103.97
2509,112,2,179.63
2510,83,1,280.55
2511,4,1,111.49
2511,28,1,68.3
2511,77,1,221.19
2512,36,1,57.62
2513,53,1,28.19
2514,120,1,73.49
2515,48,1,251.87
2516,51,2,236.75
2516,78,1,99.71
2517,110,1,92.81
2517,49,1,97.59
2518,106,2,109.59
2519,25,3,80.71
2519,92,1,34.77
2519,117,2,60.96
2520,7,1,4.81
2520,105,2,55.62
2520,95,2,97.96
2521,4,1,102.12
2521,109,1,109.25
2522,58,1,763.01
2522,79,1,6.39
2522,89,1,731.37
2523,87,1,215.98
2523,8,1,89.82
2523,51,2,205.95
2524,52,1,152.74
2524,30,2,59.33
2524,82,1,623.13
2525,18,1,80.39
2526,1,1,154.37
2527,109,1,102.24
2528,26,1,261.07
2528,104,1,199.12
2529,94,1,66.31
2530,9,1,36.5
2531,106,1,108.17
2531,115,1,87.65
2532,77,1,190.12
2532,79,1,7.08
2533,84,1,75.82
2534,29,1,180.55
2535,41,1,56.5
2535,62,1,88.0
2535,49,1,100.64
2536,10,1,239.34
2537,15,1,247.29
2537,68,1,143.94
2538,96,1,72.55
2538,15,1,278.03
2538,3,1,63.57
2539,28,1,61.14
2540,95,1,106.32
2540,94,2,61.11
2540,109,1,99.05
2541,77,1,222.6
2542,50,3,27.55
2542,66,1,625.49
2543,40,1,123.98
2544,72,1,69.01
2544,93,1,39.23
2544,27,1,248.22
2545,113,1,87.3
2545,46,2,385.29
2545,98,1,191.86
2546,116,3,280.41
2547,41,1,59.68
2547,7,2,4.78
2547,110,1,86.43
2548,114,1,309.83
2548,100,1,5.77
2548,47,2,92.98
2548,83,1,290.63
2549,74,1,111.58
2550,61,2,121.52
2551,40,2,121.0
2551,55,1,115.14
2551,80,1,146.41
2552,22,2,50.2
2553,28,1,59.1
2554,70,3,292.33
2554,33,1,93.11
2555,119,1,16.89
2556,75,1,413.53
2556,48,1,272.89
2557,75,1,410.32
2557,113,1,96.44
2558,12,1,89.13
2558,37,1,913.57
2558,109,1,106.55
2559,114,1,305.43
2559,94,2,54.54
2560,87,1,189.84
2560,34,1,77.43
2561,90,1,40.0
2561,67,1,44.18
2562,101,1,815.41
2563,60,1,747.54
2564,53,1,31.18
2564,14,2,447.24
2564,47,1,83.92
2565,77,2,222.56
2565,55,2,103.81
2565,69,1,31.92
2566,62,1,81.54
2566,14,3,456.05
2566,120,1,70.34
2566,18,2,83.3
2567,67,1,49.03
2567,59,1,192.25
2568,35,1,246.65
2569,103,1,136.56
2570,40,1,123.55
2570,95,1,94.41
2571,3,1,61.71
2572,38,1,199.14
2572,98,2,165.37
2573,84,3,79.4
2574,79,1,7.43
2575,39,1,84.16
2575,47,1,82.45
2576,96,1,70.73
2576,61,1,127.19
2576,94,1,59.15
2577,75,1,393.8
2577,115,1,100.8
2577,12,1,83.58
2578,24,1,89.25
2579,29,1,174.73
2579,62,2,85.62
2579,120,1,65.43
2580,87,3,229.68
2581,105,1,57.42
2582,2,2,40.82
2582,71,2,75.18
2582,98,1,170.44
2582,70,2,281.54
2583,36,1,59.3
2583,63,2,103.34
2584,63,1,88.74
2584,42,1,33.53
2585,98,1,160.88
2585,22,2,49.13
2585,91,1,37.19
2586,76,2,38.22
2586,35,2,231.62
2586,68,1,139.33
2586,67,2,43.08
2587,40,1,116.11
2587,117,1,61.9
2587,71,2,76.05
2588,60,1,705.33
2589,97,1,103.92
2589,33,1,98.64
2589,37,1,813.45
2590,93,2,40.66
2590,73,1,291.25
2591,83,1,304.33
2591,119,3,15.68
2591,36,2,54.72
2592,62,1,94.77
2593,55,2,116.17
2593,58,1,654.41
2594,66,3,615.6
2595,52,2,143.33
2596,79,1,7.03
2596,55,2,107.98
2597,5,2,71.64
2597,27,1,265.45
2598,19,1,60.93
2598,94,2,55.38
2598,2,1,41.97
2599,30,1,62.16
2600,90,1,40.15
2600,74,2,128.03
2600,21,2,243.85
2601,68,1,148.25
2601,95,1,91.15
2601,40,3,105.38
2602,51,2,212.58
2603,62,1,84.16
2603,13,1,513.76
2604,15,1,248.11
2605,32,1,11.78
2606,117,1,63.07
2606,38,1,216.73
2607,84,1,76.76
2607,55,1,119.05
2608,32,1,11.55
2608,109,2,107.33
2608,68,2,143.88
2609,40,1,106.78
2610,35,1,247.83
2610,48,1,269.25
2611,69,1,38.81
2611,12,3,86.62
2612,99,1,236.26
2612,25,1,84.61
2613,31,1,52.49
2613,88,2,33.32
2614,78,1,111.21
2614,1,1,158.56
2614,48,2,246.17
2615,39,2,84.21
2615,29,1,194.3
2616,55,2,103.42
2617,49,1,99.27
2618,9,2,35.64
2618,36,1,57.79
2618,48,2,262.32
2618,92,1,34.93
2619,69,1,33.51
2620,70,1,283.27
2621,23,1,120.65
2621,25,1,72.46
2621,47,1,90.56
2622,73,1,329.21
2623,37,2,917.2
2624,113,1,92.77
2624,16,1,582.29
2624,78,3,94.79
2625,89,1,712.89
2625,26,1,247.96
2626,57,1,109.36
2626,27,1,263.77
2627,100,1,6.09
2628,105,1,61.75
2628,66,2,641.84
2629,25,1,79.85
2629,82,1,717.8
2630,25,1,82.51
2631,105,2,53.51
2631,69,2,32.73
2632,38,1,186.17
2632,89,1,670.05
2632,57,2,112.33
2633,69,2,37.61
2634,81,2,262.93
2635,91,1,37.08
2635,36,1,59.73
2636,4,2,97.33
2636,93,1,36.57
2637,44,1,40.82
2638,51,1,204.11
2638,10,1,238.75
2638,95,2,90.47
2639,18,1,77.04
2639,50,1,25.35
2639,7,1,4.55
2640,4,1,113.13
2641,8,1,91.5
2641,24,1,89.01
2641,63,1,96.13
2642,34,1,69.24
2642,56,1,38.85
2642,38,2,199.41
2643,103,1,119.89
2644,69,1,34.75
2644,77,1,187.86
2645,36,1,60.49
2646,72,1,61.62
2647,100,1,6.22
2648,43,1,37.45
2648,6,2,49.9
2648,74,1,106.88
2648,32,1,10.93
2649,58,1,734.19
2650,25,1,72.56
2651,3,1,64.36
2651,97,1,115.37
2651,71,2,69.42
2651,24,1,86.44
2652,37,1,917.58
2653,24,2,88.8
2653,74,1,112.02
2654,17,1,56.94
2654,10,3,216.56
2655,116,2,277.29
2656,77,1,213.94
2657,89,2,719.56
2658,39,1,77.51
2658,35,1,253.28
2659,105,1,60.87
2659,18,1,80.16
2660,71,2,80.31
2660,88,2,36.89
2661,70,1,276.42
2661,115,2,91.39
2662,108,1,215.25
2662,37,1,879.2
2662,12,1,80.8
2663,52,1,146.51
2663,76,1,34.34
2663,56,1,41.11
2664,4,1,116.76
2664,112,1,162.8
2664,89,1,626.43
2665,21,1,234.97
2666,18,1,74.44
2667,94,1,64.17
2667,83,1,327.85
2667,76,1,35.6
2668,75,2,368.75
2669,75,2,417.02
2670,46,1,337.78
2670,88,1,31.11
2671,85,1,21.2
2672,24,2,85.81
2673,26,1,257.85
2674,76,1,34.28
2674,93,2,36.06
2674,26,1,238.35
2675,22,1,46.81
2676,107,1,91.6
2676,69,1,36.8
2677,111,1,27.59
2678,82,1,694.12
2678,48,1,253.17
2679,2,1,46.91
2679,80,1,133.32
2680,102,2,78.65
2680,45,1,210.36
2680,68,2,133.96
2680,98,1,182.44
2681,38,2,200.03
2682,16,3,610.0
2683,108,2,238.99
2684,29,1,195.81
2685,4,1,110.72
2686,102,2,78.79
2686,41,1,55.58
2686,57,1,95.46
2687,61,1,124.61
2687,73,1,331.88
2688,39,1,78.9
2688,69,1,33.4
2689,77,2,225.87
2690,71,1,76.24
2691,71,1,80.03
2692,44,1,38.07
2692,1,1,177.0
2692,113,2,89.52
2693,43,1,32.2
2693,30,1,64.12
2694,3,1,67.08
2694,43,1,37.4
2694,5,1,66.53
2695,91,1,37.8
2695,106,2,116.94
2696,52,1,163.91
2696,38,1,216.46
2697,104,1,191.31
2697,105,2,57.47
2697,6,1,52.53
2698,55,1,102.99
2698,43,2,36.07
2699,108,1,250.53
2700,114,1,328.16
2700,76,1,38.19
2700,69,1,36.12
2700,73,2,301.06
2701,86,1,52.21
2701,91,1,39.11
2702,14,1,430.2
2703,37,1,923.45
2703,33,3,95.93
2703,2,1,45.92
2704,72,1,58.92
2705,48,1,255.84
2706,24,1,102.77
2706,74,2,120.38
2707,8,1,89.33
2708,91,1,37.57
2708,2,1,42.48
2709,45,1,213.17
2710,86,1,54.55
2710,83,1,328.53
2710,41,1,61.45
2711,23,1,129.02
2711,108,2,216.08
2711,53,1,31.52
2712,65,1,364.19
2712,7,1,4.81
2712,9,1,34.62
2713,70,1,317.58
2713,88,2,33.08
2714,114,1,318.96
2715,3,1,63.87
2716,41,1,59.54
2717,87,1,216.97
2718,16,1,655.58
2719,75,1,356.84
2719,62,2,80.82
2719,18,1,76.71
2720,61,2,120.43
2721,37,1,947.73
2721,19,2,60.75
2722,73,1,277.03
2722,27,1,248.96
2723,70,1,289.79
2724,50,1,27.17
2724,97,1,99.69
2724,71,1,75.69
2725,73,2,277.16
2725,97,1,98.8
2726,39,1,71.7
2726,9,1,34.69
2727,42,1,40.16
2727,118,1,124.37
2727,9,2,34.26
2728,23,2,113.23
2729,46,1,339.99
2730,27,1,283.75
2730,68,3,124.35
2731,7,1,4.89
2732,83,2,307.5
2733,47,1,78.37
2733,84,1,87.01
2734,112,1,173.44
2735,85,1,18.45
2736,85,2,18.73
2737,57,1,113.37
2737,120,3,67.4
2737,55,1,100.05
2738,38,2,212.77
2738,8,1,96.79
2739,70,1,307.93
2739,46,2,343.92
2739,69,1,36.01
2740,14,1,410.28
2740,84,1,82.34
2741,113,1,80.26
2742,67,1,47.1
2742,74,1,123.16
2743,94,1,65.91
2743,46,1,379.73
2744,118,1,115.67
2745,79,3,7.47
2745,66,1,638.19
2745,54,2,67.14
2745,52,2,145.51
2746,118,2,127.6
2747,35,1,238.72
2747,22,1,50.53
2747,19,1,59.6
2748,112,1,172.7
2748,35,1,254.7
2748,40,2,126.44
2749,66,1,690.36
2749,57,1,97.52
2750,107,1,92.5
2750,114,3,299.16
2750,91,2,39.54
2751,104,3,184.85
2752,2,1,42.7
2752,99,1,260.47
2753,59,1,210.01
2753,5,1,79.91
2754,103,3,142.14
2755,74,1,106.5
2756,37,1,853.1
2756,13,1,424.89
2757,27,2,271.33
2758,50,1,25.95
2758,30,1,67.38
2759,84,1,72.84
2760,38,1,224.07
2760,29,1,187.87
2761,50,1,24.32
2761,12,1,89.51
2762,38,2,210.78
2763,98,1,183.75
2763,70,2,296.03
2763,114,1,319.19
2764,12,1,88.18
2764,44,1,38.69
2765,60,1,831.04
2765,113,1,89.14
2765,4,1,101.0
2765,114,1,307.3
2766,36,1,60.82
2766,73,3,286.04
2766,26,2,214.51
2767,2,1,38.87
2768,67,1,49.35
2769,66,1,674.9
2770,56,2,42.06
2770,83,1,316.39
2770,6,1,50.62
2771,19,1,64.49
2772,63,1,88.17
2773,99,3,252.43
2773,13,1,445.45
2773,34,1,66.97
2774,12,1,78.72
2774,29,1,198.52
2774,113,1,92.36
2775,2,1,41.51
2775,70,1,284.9
2776,85,1,19.17
2776,96,3,73.87
2777,89,1,637.67
2777,18,2,84.62
2777,57,1,105.1
2778,81,1,225.72
2779,106,2,104.27
2780,103,1,135.71
2781,110,2,94.19
2781,19,1,59.75
2781,78,1,102.35
2782,91,1,34.16
2783,78,1,106.7
2784,83,1,322.57
2785,55,3,111.0
2786,1,3,147.87
2786,75,1,390.44
2787,120,1,69.21
2787,31,1,59.81
2788,11,1,86.77
2789,112,1,193.7
2789,78,1,109.55
2789,98,1,185.28
2789,103,1,136.82
2790,114,1,321.39
2790,62,1,82.46
2791,28,1,69.56
2791,51,1,217.31
2791,96,1,69.8
2792,118,1,115.17
2793,7,1,5.3
2794,12,1,90.11
2795,93,1,37.28
2796,109,2,112.98
2797,104,1,215.56
2798,51,1,207.05
2798,79,1,7.45
2799,55,1,118.64
2799,20,1,601.53
2799,78,1,98.09
2800,82,1,655.61
2800,18,1,75.14
2801,100,1,5.81
2801,92,1,29.74
2802,18,1,82.53
2802,4,1,98.27
2802,39,2,84.0
2803,39,1,70.24
2803,108,1,232.76
2803,75,1,411.54
2804,24,1,90.23
2804,98,1,191.99
2805,15,1,261.07
2805,45,2,238.64
2806,83,2,321.51
2806,41,3,60.36
2806,34,1,75.3
2807,116,1,282.58
2807,57,1,107.53
2808,64,1,26.57
2809,18,2,85.68
2809,10,2,222.92
2809,68,2,129.5
2809,103,1,139.2
2810,53,2,30.31
2810,5,1,69.63
2810,118,1,106.51
2810,81,1,229.56
2811,43,1,35.73
2811,92,1,31.02
2811,105,1,57.78
2811,70,1,311.77
2812,51,2,237.01
2812,110,2,86.65
2813,59,2,194.7
2813,50,1,28.32
2813,19,1,56.69
2814,37,1,806.59
2815,19,1,56.45
2815,46,1,354.45
2815,78,1,105.13
2816,58,1,681.6
2816,59,1,183.18
2816,79,1,7.5
2817,38,1,202.68
2817,63,1,89.83
2817,106,1,110.88
2818,90,1,41.14
2818,24,1,99.18
2818,12,1,88.81
2818,25,1,81.61
2819,119,1,15.47
2820,52,1,147.29
2820,21,2,227.49
2821,62,1,93.64
2822,22,3,43.42
2822,87,1,192.38
2823,93,1,42.15
2823,72,1,63.86
2823,26,1,228.77
2824,11,1,78.86
2825,44,1,37.09
2826,40,1,118.12
2827,110,1,97.26
2827,90,1,37.72
2827,96,1,67.23
2828,85,1,19.42
2828,6,1,46.44
2828,4,1,103.26
2829,62,1,88.43
2829,40,1,123.99
2830,104,3,185.34
2831,81,1,251.05
2831,40,1,123.7
2832,99,3,236.63
2832,111,2,27.57
2832,79,1,6.85
2833,27,1,263.29
2833,66,1,604.76
2833,34,1,75.96
2834,37,2,895.35
2835,46,2,360.72
2836,33,1,92.45
2836,67,1,41.82
2836,97,2,101.89
2837,55,1,118.27
2838,71,2,81.05
2839,110,1,96.54
2840,22,1,49.36
2841,83,1,287.68
2841,103,2,133.94
2841,43,1,33.59
2842,4,1,112.89
2842,40,3,113.05
2842,118,1,121.27
2843,18,1,86.29
2843,91,2,35.84
2844,57,1,112.04
2844,36,1,55.45
2844,45,2,245.96
2844,91,1,39.12
2845,100,1,5.58
2846,88,1,35.18
2846,31,1,54.43
2846,19,1,62.1
2846,28,3,63.55
2847,25,1,72.07
2847,11,1,80.27
2847,16,1,648.21
2848,39,1,76.38
2849,2,1,45.68
2849,112,1,160.89
2849,23,3,108.38
2850,13,2,449.8
2851,75,1,398.85
2851,87,1,215.26
2852,51,1,211.94
2852,12,1,85.5
2853,15,1,265.15
2853,61,1,124.58
2854,8,1,89.15
2855,6,1,53.32
2855,20,1,534.12
2855,29,1,188.29
2856,53,1,28.13
2857,3,1,63.99
2857,52,1,140.5
2858,17,1,56.25
2859,82,1,709.02
2859,12,2,79.4
2860,111,1,31.84
2860,84,1,85.88
2861,114,1,301.54
2861,28,1,64.99
2861,96,1,63.57
2861,99,1,240.52
2862,77,1,224.29
2863,54,1,70.77
2863,97,1,112.18
2863,104,1,207.83
2864,20,1,543.21
2865,51,2,224.57
2866,102,2,80.6
2866,110,2,88.17
2867,66,1,680.02
2867,21,1,221.19
2868,46,1,345.96
2868,98,2,160.13
2868,16,2,614.42
2869,62,1,80.98
2869,21,1,253.32
2870,116,2,275.2
2871,71,1,75.75
2871,107,2,91.92
2872,26,1,214.85
2872,73,1,283.61
2872,52,1,162.58
2873,75,1,357.33
2873,65,1,345.15
2873,115,1,88.69
2874,92,1,34.19
2874,119,1,15.12
2874,58,1,773.36
2875,56,1,41.84
2875,69,2,38.82
2876,93,1,35.34
2877,43,1,32.0
2877,23,1,113.73
2877,119,1,16.31
2878,103,1,132.17
2878,18,2,85.51
2879,3,1,71.1
2880,27,2,284.54
2881,22,1,45.98
2882,64,1,25.71
2882,79,1,7.03
2883,17,1,59.5
2884,51,1,218.03
2885,10,1,223.34
2886,59,1,197.45
2886,118,1,115.74
2887,5,2,67.35
2888,68,1,126.56
2889,35,1,258.8
2889,73,3,330.53
2890,49,2,104.0
2890,89,1,641.38
2890,95,1,107.77
2891,65,2,365.54
2891,52,1,138.43
2891,68,1,147.01
2892,79,1,6.78
2892,54,2,60.89
2893,29,2,183.63
2893,98,1,172.29
2894,101,2,701.18
2895,44,2,36.64
2895,108,1,212.96
2895,80,1,130.82
2896,1,2,163.46
2897,77,1,201.97
2897,91,1,38.09
2897,93,1,35.28
2898,94,1,63.68
2899,115,3,100.6
2900,8,1,81.91
2901,71,1,82.11
2901,5,1,78.65
2901,96,2,72.18
2902,1,1,146.68
2902,8,1,84.75
2902,112,2,192.95
2903,76,1,38.9
2904,31,1,54.55
2904,117,1,57.26
2905,80,1,132.83
2905,68,1,130.91
2906,97,1,96.09
2906,112,1,170.56
2907,103,2,121.36
2907,72,1,61.42
2908,50,1,24.02
2908,56,1,34.65
2909,90,1,38.95
2909,93,1,40.76
2909,67,2,46.43
2910,75,2,411.84
2911,52,1,159.35
2911,75,2,418.95
2911,57,1,112.02
2912,26,1,248.25
2913,47,1,89.59
2914,38,1,189.06
2914,110,1,96.76
2915,13,1,449.1
2915,108,1,240.68
2915,16,1,661.89
2916,86,1,55.36
2916,109,1,103.89
2917,111,1,30.58
2917,67,1,44.96
2918,33,1,93.78
2918,21,1,235.21
2918,22,1,51.57
2918,97,1,111.06
2919,80,1,144.02
2920,100,2,5.95
2920,102,1,75.37
2920,76,1,34.27
2921,112,2,172.52
2922,89,2,699.69
2923,96,1,66.06
2923,58,1,770.63
2924,3,1,64.92
2924,60,2,783.43
2924,44,1,34.29
2925,101,1,782.93
2925,5,2,72.6
2926,88,1,30.97
2927,95,1,91.94
2927,58,1,648.41
2928,110,2,86.83
2929,100,2,6.5
2930,27,2,254.86
2930,109,1,113.41
2931,27,1,243.87
2931,36,1,52.49
2931,72,2,60.43
2932,50,1,26.26
2932,18,2,76.12
2933,16,1,643.28
2934,109,2,104.81
2935,97,1,108.69
2936,83,1,273.58
2936,74,2,108.71
2936,94,2,59.21
2937,114,2,290.64
2937,7,3,5.13
2938,27,1,291.04
2939,77,1,192.64
2940,106,1,115.88
2940,98,1,183.21
2940,1,1,161.25
2940,31,1,57.75
2941,4,1,111.87
2941,19,1,57.79
2941,90,3,38.72
2942,101,1,781.3
2942,19,1,58.0
2942,96,2,63.59
2943,52,1,156.56
2943,89,1,684.75
2943,17,1,57.14
2944,46,1,336.62
2945,6,1,43.93
2946,117,1,56.05
2946,37,2,826.06
2947,73,1,289.31
2947,55,2,102.74
2947,98,1,166.02
2948,59,2,218.67
2948,98,1,159.68
2949,100,1,6.42
2950,64,1,23.32
2950,49,1,89.63
2951,1,1,149.07
2952,67,2,45.19
2952,102,1,82.1
2952,6,1,49.65
2953,117,1,67.43
2954,53,1,32.2
2954,66,2,578.62
2954,77,1,205.65
2954,90,1,42.78
2955,96,1,73.84
2956,25,1,85.08
2957,60,1,759.03
2957,35,1,257.77
2958,96,1,75.59
2959,59,2,214.37
2960,70,2,300.66
2960,27,1,242.59
2960,14,1,441.13
2961,30,2,71.72
2962,28,1,60.25
2962,37,1,849.74
2963,45,3,218.09
2963,11,1,83.24
2963,35,1,230.9
2964,44,1,39.04
2965,54,1,68.41
2965,65,1,364.93
2966,84,2,80.43
2967,44,1,39.98
2968,82,3,738.77
2968,116,1,245.89
2968,113,1,82.67
2969,60,2,742.77
2970,120,1,73.78
2970,12,1,88.57
2971,110,1,87.22
2972,51,2,241.43
2973,34,1,73.67
2974,3,2,62.93
2974,58,1,772.25
2974,98,2,191.25
2975,120,1,71.03
2975,7,1,5.05
2975,99,1,232.6
2976,48,1,284.82
2976,114,1,296.65
2977,89,2,732.76
2978,10,1,224.65
2979,100,2,6.46
2979,63,1,100.06
2980,60,1,715.24
2981,119,1,16.74
2982,104,1,224.26
2983,83,1,308.42
2983,39,1,81.46
2983,59,1,182.56
2984,45,2,213.05
2984,27,1,277.36
2985,118,1,119.76
2986,74,1,107.67
2986,76,1,34.89
2986,59,1,187.85
2986,115,2,102.16
2987,69,1,38.81
2987,67,2,42.62
2988,28,1,64.62
2989,23,3,118.03
2989,101,1,738.0
2990,103,1,133.14
2991,105,1,57.15
2992,10,2,227.42
2993,46,2,375.84
2994,2,1,46.07
2994,65,2,357.9
2995,48,1,244.72
2995,65,1,362.72
2995,62,2,83.11
2996,35,1,242.5
2997,53,1,32.38
2998,12,1,82.72
2999,106,1,116.31
2999,64,1,27.41
2999,9,1,35.43
3000,41,1,63.57
3000,29,1,190.82
3001,23,1,121.3
3002,63,1,100.91
3002,56,1,35.25
3003,11,2,91.72
3003,44,1,40.8
3004,47,2,93.15
3004,111,2,29.07
3005,120,1,70.51
3005,31,2,55.28
3005,107,1,91.88
3006,48,1,247.81
3007,25,1,76.65
3008,90,1,42.47
3008,68,2,133.71
3008,13,1,435.25
3009,58,1,723.95
3010,100,1,5.64
3010,47,1,91.13
3011,86,2,47.51
3012,38,1,212.14
3012,36,1,60.71
3012,104,1,199.5
3012,86,1,49.98
3013,79,2,6.62
3014,31,1,53.3
3014,64,1,23.66
3015,42,1,37.33
3015,39,1,71.76
3015,44,1,41.02
3016,58,1,739.68
3017,56,1,40.02
3017,39,1,77.62
3017,71,1,73.2
3018,49,1,102.47
3018,71,1,82.87
3019,119,3,17.81
3019,66,2,628.69
3020,10,1,248.81
3020,8,1,97.27
3021,81,2,270.59
3021,89,1,700.86
3022,20,2,512.45
3023,22,1,50.47
3024,114,1,279.9
3025,1,3,176.96
3025,2,2,39.2
3026,101,1,736.06
3026,65,1,334.21
3026,77,1,192.55
3027,80,1,138.36
3028,75,2,396.11
3029,5,3,76.06
3029,57,1,101.97
3030,66,2,613.53
3031,98,1,165.13
3031,31,1,63.41
3031,63,1,107.0
3032,28,1,66.99
3033,55,1,105.78
3033,61,3,131.9
3033,119,1,14.85
3034,112,1,168.3
3034,2,1,47.06
3035,46,1,385.83
3035,111,1,26.94
3036,29,1,167.24
3036,75,1,419.54
3036,61,2,133.07
3037,78,2,97.18
3037,21,1,244.52
3038,50,3,24.31
3038,33,1,103.45
3039,105,1,57.76
3039,34,1,70.47
3040,26,1,253.7
3040,51,1,224.03
3040,16,1,689.2
3041,82,1,703.09
3041,51,1,224.84
3041,93,2,39.02
3042,44,2,34.15
3043,41,1,62.73
3043,24,1,98.07
3043,45,1,233.25
3043,52,1,143.9
3044,58,1,699.61
3044,61,2,130.44
3044,93,3,42.32
3045,26,1,255.01
3046,43,2,33.43
3046,75,1,421.13
3046,44,1,39.77
3047,2,1,43.66
3048,85,1,19.35
3049,100,1,6.63
3049,118,2,125.43
3050,79,1,6.19
3050,33,1,93.82
3050,57,2,108.98
3051,40,1,117.47
3051,99,3,257.81
3051,39,1,71.78
3052,2,2,41.35
3052,120,1,67.0
3052,45,3,248.95
3053,104,2,223.46
3054,6,1,51.03
3054,94,1,59.03
3055,75,1,378.99
3056,75,1,397.91
3057,4,1,104.16
3057,113,1,97.52
3058,11,1,84.78
3058,21,1,260.78
3059,84,1,79.55
3059,63,1,90.6
3060,59,1,201.36
3060,6,1,45.72
3061,34,1,71.59
3061,71,1,70.47
3062,75,1,378.35
3063,40,1,110.91
3064,86,1,48.03
3065,57,1,105.38
3065,120,1,64.19
3065,8,1,98.05
3066,16,1,637.61
3066,55,1,113.09
3066,30,1,69.82
3067,20,1,535.57
3067,91,2,36.17
3067,89,2,713.69
3067,31,1,54.37
3068,16,2,664.9
3068,84,1,79.48
3068,96,2,66.8
3069,33,2,96.49
3070,33,1,102.13
3070,52,1,136.77
3070,81,2,255.52
3071,70,1,316.19
3072,13,1,460.98
3072,87,1,194.46
3073,69,1,38.24
3073,106,1,116.51
3074,18,2,83.82
3074,94,2,66.08
3074,47,1,84.15
3075,39,2,70.79
3075,38,1,221.1
3076,67,1,48.44
3076,7,2,5.38
3077,92,1,29.96
3078,79,1,6.38
3078,52,1,145.21
3078,70,1,312.83
3079,100,2,5.77
3080,108,1,217.8
3081,18,1,74.16
3082,32,1,11.39
3083,21,3,251.18
3083,73,1,331.82
3084,14,1,437.04
3084,39,1,77.54
3085,29,1,177.35
3085,8,1,90.07
3086,18,1,82.21
3086,82,1,654.51
3087,89,1,755.46
3088,32,1,11.74
3088,56,1,37.68
3089,28,1,67.94
3089,83,2,330.28
3089,94,2,57.12
3090,118,3,114.98
3091,98,1,162.25
3091,95,1,106.59
3091,114,1,307.75
3092,29,2,198.85
3093,37,1,789.97
3093,41,3,59.11
3093,68,2,127.77
3093,110,1,92.71
3094,70,2,295.5
3095,63,2,95.94
3096,96,1,64.28
3097,77,1,223.14
3098,106,1,99.32
3098,12,1,86.65
3099,31,1,54.32
3099,5,1,78.44
3100,110,1,87.2
3100,97,2,95.44
3100,48,1,289.53
3101,42,1,38.68
3102,24,1,88.31
3102,80,1,124.02
3102,103,2,136.73
3103,109,1,103.63
3104,21,2,259.66
3104,52,1,157.98
3104,95,1,107.69
3104,51,1,242.19
3105,8,2,82.01
3106,71,1,84.28
3106,6,1,49.34
3106,22,1,43.89
3106,15,1,281.35
3107,32,1,11.71
3108,118,2,116.85
3108,112,1,164.02
3108,55,2,99.05
3109,29,3,180.57
3109,102,1,76.62
3109,71,1,79.48
3110,35,1,247.47
3111,111,1,32.11
3112,68,3,123.19
3113,31,1,58.62
3113,49,1,95.48
3114,5,1,72.94
3114,102,3,68.67
3115,52,1,136.27
3115,22,2,44.69
3115,30,1,71.55
3116,50,1,26.33
3116,47,1,87.0
3117,80,1,119.88
3117,9,1,33.39
3118,70,1,306.03
3118,39,1,82.65
3119,45,1,224.38
3120,90,1,45.02
3120,83,1,325.86
3121,63,3,101.6
3121,87,1,220.86
3122,20,1,563.64
3123,4,1,101.63
3123,106,1,118.85
3123,108,1,234.32
3123,113,1,93.36
3124,21,1,265.5
3124,48,1,238.37
3125,44,2,40.99
3126,104,1,212.85
3127,109,1,102.93
3128,68,1,140.78
3129,21,1,232.13
3129,66,1,616.23
3129,110,1,99.16
3129,64,1,23.34
3130,104,1,196.83
3130,33,1,103.72
3130,32,1,9.84
3131,86,1,52.76
3132,39,1,70.93
3133,95,1,106.64
3133,110,1,89.76
3133,68,1,127.84
3134,102,2,80.31
3134,88,1,36.28
3134,58,1,639.64
3134,40,1,110.75
3135,7,3,4.93
3135,25,1,84.01
3135,87,2,200.07
3136,120,1,75.47
3137,25,1,81.95
3137,2,1,44.57
3138,30,2,66.9
3138,99,1,256.86
3138,115,3,98.93
3139,115,1,86.84
3139,108,2,234.53
3140,21,1,253.4
3140,60,1,748.09
3140,103,1,123.22
3140,6,1,46.4
3141,51,3,236.08
3141,2,1,47.2
3141,17,1,61.16
3141,53,1,29.86
3142,54,2,66.83
3143,1,2,159.46
3143,35,1,258.18
3143,40,1,108.41
3143,84,1,81.68
3144,3,2,60.96
3145,51,1,216.78
3146,20,1,620.5
3146,86,1,48.01
3147,19,1,67.28
3148,41,1,65.51
3148,103,1,125.34
3148,59,2,217.66
3148,40,1,106.65
3149,13,1,504.15
3149,74,1,122.46
3149,103,1,127.5
3150,102,1,78.14
3151,87,1,224.94
3151,14,1,410.99
3151,45,1,231.02
3152,34,1,70.89
3152,27,1,287.11
3152,7,1,5.5
3153,116,1,235.28
3154,36,2,58.06
3154,54,1,68.97
3154,62,1,81.13
3155,4,1,114.16
3155,100,1,6.71
3155,21,1,249.89
3155,102,1,74.81
3156,107,1,76.54
3157,54,1,69.04
3157,75,1,432.43
3157,55,1,113.65
3158,7,2,5.06
3158,116,1,235.69
3159,18,2,74.26
3159,47,2,85.1
3160,105,1,61.41
3160,96,1,65.53
3161,9,1,38.89
3162,41,1,63.12
3162,12,2,75.3
3162,22,1,45.84
3163,57,2,95.76
3164,15,1,251.19
3164,56,1,39.74
3164,10,1,213.34
3165,52,1,164.7
3165,36,2,61.77
3166,61,1,120.73
3166,79,1,7.16
3167,45,2,247.36
3168,44,1,33.97
3168,36,2,55.96
3169,77,1,213.52
3170,78,1,102.55
3170,31,2,56.79
3171,23,1,117.39
3172,47,1,80.33
3172,70,1,286.9
3173,78,1,108.66
3174,68,2,135.03
3175,89,1,743.91
3175,5,1,78.63
3176,81,1,247.82
3176,109,1,115.02
3177,33,1,110.98
3177,9,1,36.18
3178,40,1,125.73
3179,14,1,433.03
3180,26,1,252.17
3181,75,1,403.83
3181,93,1,41.05
3181,91,1,35.94
3182,37,1,830.48
3182,67,3,43.36
3182,61,1,134.8
3183,118,2,121.88
3183,111,2,27.15
3184,24,1,102.82
3185,24,1,95.95
3185,23,1,120.51
3186,66,1,583.68
3186,4,1,114.47
3187,42,1,40.16
3188,63,1,95.44
3189,21,2,261.8
3189,36,1,60.66
3189,53,1,29.29
3190,47,2,85.31
3190,14,1,451.64
3191,104,1,212.21
3192,118,1,124.57
3193,46,1,385.07
3193,90,1,38.91
3194,115,1,88.33
3194,67,1,44.39
3194,109,1,109.34
3194,25,1,78.18
3195,43,1,33.85
3195,39,1,77.76
3196,83,1,322.41
3196,51,3,212.53
3197,60,1,791.07
3197,107,1,89.62
3198,45,1,243.61
3199,57,1,113.44
3199,91,1,41.35
3200,98,1,184.02
