customer_id,survey_date,nps_score
2,2023-03-01,6
2,2023-05-01,7
2,2023-09-01,8
2,2023-10-01,3
2,2024-01-01,8
2,2024-02-01,7
2,2024-06-01,8
3,2023-02-01,6
3,2023-06-01,7
3,2023-08-01,10
4,2023-02-01,5
4,2023-08-01,8
4,2024-01-01,10
4,2024-05-01,6
5,2023-02-01,6
5,2023-03-01,8
5,2023-04-01,4
6,2023-01-01,1
6,2023-03-01,9
6,2023-11-01,10
6,2023-12-01,6
6,2024-05-01,10
9,2023-01-01,1
9,2023-05-01,4
10,2023-02-01,6
11,2023-03-01,7
12,2023-01-01,7
12,2023-04-01,5
12,2023-09-01,8
12,2023-11-01,7
12,2024-02-01,4
12,2024-05-01,9
12,2024-08-01,9
14,2023-01-01,7
14,2023-03-01,5
14,2023-04-01,10
14,2024-01-01,8
15,2023-01-01,9
17,2023-02-01,9
17,2023-03-01,8
17,2023-08-01,4
17,2023-10-01,7
19,2023-01-01,7
19,2023-04-01,10
19,2023-07-01,4
19,2023-12-01,10
19,2024-01-01,2
19,2024-03-01,6
19,2024-05-01,8
21,2023-01-01,6
21,2023-02-01,6
23,2023-02-01,10
24,2023-03-01,6
24,2023-04-01,7
24,2023-05-01,4
24,2023-07-01,6
24,2023-08-01,7
25,2023-04-01,9
26,2023-02-01,10
26,2023-11-01,8
27,2023-03-01,6
27,2023-04-01,7
27,2023-07-01,7
27,2023-08-01,10
27,2023-09-01,9
27,2024-01-01,10
28,2023-01-01,8
31,2023-01-01,3
32,2023-06-01,6
32,2023-07-01,6
32,2023-09-01,5
33,2023-06-01,8
34,2023-04-01,5
35,2023-01-01,5
38,2023-05-01,6
39,2023-01-01,10
39,2023-04-01,9
41,2023-01-01,6
41,2023-06-01,10
41,2023-08-01,5
41,2024-01-01,9
41,2024-08-01,7
42,2023-01-01,10
42,2023-02-01,9
43,2023-02-01,9
45,2023-01-01,9
46,2023-03-01,6
46,2023-05-01,7
46,2023-08-01,4
46,2023-09-01,4
46,2024-02-01,5
46,2024-03-01,5
46,2024-05-01,7
48,2023-03-01,6
48,2023-05-01,7
49,2023-03-01,10
49,2023-06-01,4
49,2023-07-01,5
49,2023-08-01,7
49,2023-12-01,9
49,2024-07-01,5
51,2023-01-01,10
51,2023-03-01,7
51,2023-05-01,3
52,2023-02-01,3
52,2023-03-01,9
52,2023-06-01,9
52,2023-09-01,4
52,2024-02-01,5
52,2024-07-01,5
53,2023-04-01,8
53,2023-05-01,6
53,2023-11-01,5
53,2024-01-01,8
53,2024-07-01,6
53,2024-08-01,10
54,2023-01-01,10
54,2023-02-01,6
54,2023-06-01,10
54,2023-12-01,6
54,2024-03-01,5
54,2024-07-01,2
55,2023-03-01,3
55,2023-04-01,10
56,2023-01-01,7
56,2023-03-01,6
56,2023-09-01,5
56,2023-11-01,6
56,2023-12-01,5
56,2024-04-01,3
57,2023-01-01,8
58,2023-01-01,10
59,2023-01-01,9
60,2023-10-01,8
60,2023-12-01,6
61,2023-11-01,7
61,2024-01-01,2
61,2024-03-01,8
61,2024-04-01,8
62,2023-02-01,10
62,2023-04-01,8
62,2023-07-01,3
63,2023-07-01,5
63,2023-08-01,6
63,2023-12-01,3
63,2024-01-01,5
63,2024-06-01,5
64,2023-03-01,5
64,2023-04-01,6
64,2023-07-01,6
65,2023-04-01,3
65,2023-09-01,6
65,2023-10-01,10
65,2023-12-01,4
65,2024-06-01,10
67,2023-01-01,10
67,2023-03-01,9
67,2023-07-01,6
67,2023-08-01,6
68,2023-04-01,10
68,2024-01-01,10
70,2023-04-01,8
71,2023-07-01,5
72,2023-09-01,10
72,2023-10-01,7
73,2023-01-01,5
74,2023-02-01,10
74,2023-03-01,8
75,2023-02-01,6
75,2023-03-01,7
75,2023-05-01,8
75,2023-07-01,7
75,2023-08-01,8
75,2023-09-01,10
75,2024-05-01,9
75,2024-07-01,10
76,2023-03-01,9
76,2023-05-01,6
76,2023-12-01,9
76,2024-02-01,2
76,2024-05-01,8
76,2024-06-01,10
78,2023-10-01,8
78,2023-12-01,4
78,2024-02-01,5
79,2023-02-01,8
79,2023-03-01,6
79,2023-06-01,9
79,2023-07-01,10
79,2023-09-01,9
79,2024-02-01,6
79,2024-06-01,7
79,2024-07-01,5
80,2023-01-01,6
82,2023-01-01,7
82,2023-02-01,6
82,2023-04-01,8
82,2023-06-01,8
82,2023-09-01,2
82,2023-11-01,10
83,2023-02-01,10
84,2023-04-01,8
85,2023-03-01,3
86,2023-03-01,6
86,2023-12-01,10
86,2024-03-01,1
87,2023-02-01,7
89,2023-01-01,2
89,2023-04-01,8
90,2023-01-01,5
90,2023-08-01,8
90,2023-11-01,10
90,2024-01-01,7
90,2024-05-01,10
91,2023-01-01,9
91,2023-10-01,7
92,2023-02-01,8
92,2023-04-01,5
92,2023-05-01,6
92,2023-07-01,8
92,2023-10-01,1
92,2023-11-01,7
94,2023-06-01,3
94,2023-07-01,0
94,2023-11-01,3
94,2024-01-01,6
94,2024-02-01,6
94,2024-03-01,8
94,2024-06-01,5
95,2023-04-01,6
95,2023-07-01,8
95,2023-09-01,9
95,2024-01-01,3
95,2024-02-01,6
95,2024-06-01,9
95,2024-08-01,5
96,2023-06-01,7
96,2023-11-01,4
97,2023-03-01,8
97,2023-04-01,10
97,2023-07-01,10
97,2024-02-01,10
98,2023-03-01,5
98,2023-04-01,7
98,2023-05-01,4
98,2023-09-01,3
98,2023-11-01,4
99,2023-01-01,6
99,2023-02-01,3
100,2023-08-01,9
100,2023-11-01,5
101,2023-02-01,9
101,2023-08-01,1
101,2023-09-01,9
102,2023-03-01,8
102,2023-04-01,5
102,2023-06-01,6
102,2023-08-01,7
102,2023-09-01,4
102,2023-10-01,10
102,2023-11-01,4
104,2023-01-01,6
104,2023-09-01,6
104,2023-12-01,10
104,2024-08-01,10
105,2023-04-01,7
105,2023-06-01,10
105,2023-09-01,5
105,2024-04-01,7
105,2024-07-01,6
106,2023-04-01,10
106,2023-07-01,7
106,2024-01-01,8
107,2023-02-01,4
107,2023-03-01,9
109,2023-07-01,10
109,2023-08-01,9
111,2023-01-01,6
111,2023-03-01,10
111,2023-05-01,6
111,2023-10-01,7
112,2023-01-01,3
113,2023-02-01,6
114,2023-01-01,4
114,2023-04-01,7
115,2023-02-01,7
115,2023-05-01,10
115,2023-06-01,8
116,2023-01-01,8
116,2023-05-01,3
116,2023-07-01,6
116,2024-01-01,8
116,2024-04-01,4
116,2024-06-01,10
117,2023-06-01,8
119,2023-04-01,6
119,2023-05-01,5
119,2023-09-01,10
120,2023-07-01,10
120,2024-04-01,8
120,2024-05-01,10
121,2023-12-01,6
121,2024-04-01,6
121,2024-08-01,8
122,2023-05-01,7
122,2023-07-01,4
122,2023-12-01,5
122,2024-04-01,6
123,2023-01-01,8
124,2023-05-01,5
124,2023-06-01,5
124,2023-08-01,7
124,2023-09-01,4
124,2023-10-01,6
124,2023-11-01,10
125,2024-03-01,8
125,2024-04-01,8
126,2023-02-01,7
126,2023-03-01,5
126,2023-11-01,4
128,2023-01-01,6
128,2023-05-01,10
130,2023-01-01,8
131,2023-04-01,9
131,2023-05-01,6
131,2023-08-01,8
131,2023-10-01,8
131,2023-11-01,4
131,2023-12-01,10
131,2024-01-01,10
132,2023-02-01,6
132,2023-08-01,5
132,2023-10-01,10
132,2024-01-01,4
132,2024-06-01,9
133,2023-01-01,10
133,2023-04-01,5
133,2023-05-01,8
134,2023-02-01,5
134,2023-05-01,3
135,2023-01-01,3
135,2023-03-01,7
135,2023-04-01,6
135,2023-10-01,10
135,2023-12-01,4
135,2024-07-01,7
135,2024-08-01,10
136,2023-02-01,8
136,2023-05-01,3
136,2024-04-01,10
136,2024-08-01,10
137,2023-05-01,10
138,2023-03-01,5
138,2023-07-01,6
139,2023-01-01,5
140,2023-02-01,7
140,2023-04-01,5
141,2023-02-01,6
142,2023-01-01,9
144,2023-02-01,6
144,2023-03-01,8
144,2023-04-01,8
144,2023-06-01,7
144,2023-08-01,10
144,2023-10-01,7
144,2023-11-01,10
144,2024-01-01,3
144,2024-04-01,9
144,2024-07-01,7
145,2023-01-01,8
148,2023-01-01,10
150,2023-01-01,10
150,2023-06-01,9
150,2023-07-01,7
150,2023-08-01,5
150,2023-10-01,8
151,2023-02-01,4
151,2023-11-01,6
152,2023-01-01,10
152,2023-02-01,6
152,2023-03-01,9
152,2023-06-01,5
153,2023-03-01,5
153,2023-06-01,9
154,2023-01-01,8
155,2024-04-01,5
155,2024-05-01,5
155,2024-08-01,3
156,2023-03-01,10
157,2023-01-01,7
157,2023-03-01,8
158,2023-06-01,5
158,2023-08-01,6
160,2023-01-01,8
163,2023-02-01,5
163,2023-04-01,8
163,2023-08-01,7
163,2023-10-01,7
163,2023-11-01,6
163,2024-03-01,8
164,2023-03-01,8
164,2023-06-01,7
164,2023-08-01,9
164,2023-10-01,7
166,2023-01-01,10
166,2023-02-01,3
170,2023-01-01,8
170,2023-05-01,7
170,2023-06-01,5
171,2023-03-01,6
172,2023-02-01,7
172,2023-03-01,6
172,2023-06-01,8
172,2023-07-01,10
172,2023-08-01,10
172,2024-03-01,8
173,2023-07-01,10
173,2024-01-01,5
173,2024-05-01,8
174,2023-03-01,10
174,2023-08-01,7
174,2023-09-01,6
174,2023-11-01,8
174,2023-12-01,10
174,2024-05-01,7
174,2024-08-01,7
175,2023-01-01,3
175,2023-02-01,10
175,2023-04-01,10
175,2023-05-01,9
175,2023-07-01,10
177,2023-03-01,6
177,2023-04-01,10
177,2023-05-01,6
177,2023-12-01,4
177,2024-02-01,6
178,2023-01-01,4
178,2023-06-01,5
178,2024-01-01,6
178,2024-06-01,8
179,2023-04-01,9
179,2023-05-01,9
179,2023-10-01,10
179,2024-01-01,5
180,2023-01-01,6
181,2023-04-01,5
181,2023-07-01,4
182,2023-08-01,6
182,2023-10-01,8
182,2024-05-01,6
183,2023-01-01,10
183,2023-02-01,8
183,2023-12-01,10
184,2023-01-01,8
185,2023-04-01,10
185,2023-06-01,4
185,2023-08-01,9
185,2023-12-01,10
185,2024-02-01,10
186,2023-02-01,7
186,2023-04-01,10
186,2023-06-01,8
186,2023-09-01,10
188,2023-03-01,10
188,2023-05-01,8
188,2023-11-01,10
188,2024-06-01,5
188,2024-07-01,10
190,2023-02-01,6
190,2023-06-01,3
190,2023-07-01,4
190,2023-10-01,6
190,2023-11-01,10
190,2024-02-01,10
190,2024-03-01,4
190,2024-05-01,7
190,2024-08-01,6
191,2023-01-01,7
191,2023-08-01,7
192,2023-08-01,9
193,2023-01-01,8
194,2023-03-01,8
194,2023-04-01,7
194,2023-07-01,7
194,2024-01-01,7
195,2023-05-01,5
195,2023-06-01,8
195,2023-09-01,6
195,2024-04-01,9
195,2024-07-01,10
197,2023-08-01,3
198,2023-03-01,10
199,2023-02-01,3
199,2023-08-01,10
199,2023-09-01,7
199,2023-11-01,3
199,2024-04-01,7
200,2023-06-01,2
201,2023-05-01,3
201,2024-01-01,9
201,2024-03-01,9
201,2024-07-01,7
202,2023-03-01,6
203,2023-01-01,7
203,2023-07-01,6
203,2023-10-01,4
203,2023-11-01,10
203,2024-08-01,7
204,2023-06-01,7
206,2023-04-01,10
206,2023-07-01,4
206,2023-08-01,5
206,2023-12-01,5
206,2024-01-01,7
207,2023-02-01,8
207,2023-05-01,8
207,2023-06-01,5
207,2023-07-01,3
207,2024-04-01,5
208,2023-01-01,6
208,2023-08-01,10
208,2023-11-01,0
209,2023-04-01,5
209,2023-07-01,5
209,2023-09-01,10
209,2023-10-01,7
209,2024-01-01,4
210,2023-07-01,7
210,2023-12-01,8
210,2024-06-01,7
212,2023-01-01,10
212,2023-08-01,7
213,2023-05-01,6
213,2023-07-01,7
213,2023-10-01,10
213,2023-12-01,2
213,2024-01-01,8
213,2024-02-01,5
213,2024-03-01,3
213,2024-04-01,9
213,2024-05-01,8
214,2023-02-01,4
214,2023-05-01,10
215,2023-01-01,9
215,2023-10-01,10
215,2023-12-01,9
215,2024-06-01,9
215,2024-07-01,8
216,2023-03-01,10
217,2023-02-01,7
218,2023-03-01,3
218,2023-05-01,10
218,2023-07-01,7
218,2023-08-01,8
218,2024-06-01,8
219,2023-04-01,7
220,2023-01-01,3
220,2023-04-01,4
220,2023-06-01,7
220,2023-08-01,9
220,2023-09-01,2
220,2023-10-01,10
220,2023-11-01,7
220,2024-05-01,6
221,2023-03-01,7
221,2023-09-01,9
221,2023-11-01,7
221,2023-12-01,6
221,2024-01-01,4
221,2024-06-01,6
221,2024-07-01,6
221,2024-08-01,5
222,2023-09-01,6
222,2023-10-01,8
222,2024-01-01,10
222,2024-04-01,5
222,2024-05-01,9
222,2024-06-01,8
223,2023-01-01,5
224,2023-02-01,6
224,2023-04-01,9
224,2023-07-01,10
224,2023-09-01,7
225,2023-06-01,2
225,2023-08-01,7
225,2023-10-01,5
225,2023-11-01,7
225,2024-01-01,5
226,2023-02-01,7
226,2023-03-01,5
226,2023-05-01,6
227,2023-04-01,7
228,2023-02-01,7
228,2023-04-01,0
229,2023-02-01,4
229,2023-07-01,9
229,2023-09-01,4
229,2023-11-01,7
229,2024-06-01,6
229,2024-08-01,9
231,2023-05-01,5
231,2023-07-01,7
231,2024-06-01,9
233,2023-03-01,9
234,2023-01-01,2
234,2023-06-01,10
234,2024-08-01,10
235,2023-12-01,10
236,2023-01-01,10
236,2023-03-01,3
236,2023-10-01,5
236,2023-12-01,8
236,2024-03-01,5
236,2024-04-01,10
238,2023-04-01,4
238,2023-07-01,7
239,2023-02-01,8
239,2023-03-01,6
239,2023-04-01,5
240,2023-04-01,4
240,2023-08-01,5
240,2023-09-01,10
240,2023-11-01,5
240,2024-01-01,6
240,2024-02-01,3
240,2024-03-01,7
240,2024-05-01,6
242,2023-09-01,9
242,2024-03-01,7
244,2023-01-01,8
244,2023-02-01,10
245,2023-03-01,10
245,2023-05-01,7
245,2023-06-01,6
245,2023-09-01,6
245,2024-01-01,5
245,2024-06-01,8
245,2024-07-01,9
250,2023-03-01,3
251,2023-01-01,10
251,2023-04-01,8
253,2023-01-01,5
254,2023-02-01,10
254,2023-04-01,7
254,2023-05-01,9
254,2023-09-01,10
255,2023-01-01,5
256,2023-04-01,5
256,2024-01-01,4
256,2024-04-01,6
257,2023-01-01,6
257,2023-03-01,7
258,2023-03-01,7
258,2023-09-01,8
259,2024-05-01,5
260,2023-02-01,6
260,2024-01-01,8
260,2024-04-01,4
261,2023-03-01,10
261,2023-06-01,9
261,2024-01-01,9
261,2024-06-01,8
262,2023-06-01,4
262,2024-01-01,6
262,2024-04-01,7
262,2024-07-01,2
263,2023-01-01,8
263,2023-02-01,10
263,2023-03-01,8
263,2023-09-01,10
263,2023-11-01,9
264,2023-02-01,5
264,2023-11-01,4
264,2024-03-01,8
264,2024-05-01,6
264,2024-07-01,8
264,2024-08-01,5
265,2023-01-01,6
265,2023-05-01,7
266,2023-07-01,7
266,2023-08-01,7
266,2023-11-01,6
266,2024-01-01,8
266,2024-05-01,6
266,2024-07-01,3
267,2024-01-01,5
267,2024-05-01,9
267,2024-06-01,5
268,2023-02-01,6
269,2023-07-01,8
270,2023-02-01,4
271,2023-02-01,9
272,2023-01-01,10
273,2023-01-01,9
275,2023-12-01,8
275,2024-01-01,8
275,2024-06-01,9
276,2023-01-01,5
276,2023-02-01,5
276,2023-12-01,6
276,2024-01-01,3
276,2024-03-01,6
276,2024-04-01,3
277,2023-05-01,6
277,2023-11-01,8
278,2023-06-01,10
279,2023-03-01,5
280,2024-03-01,8
280,2024-05-01,8
280,2024-07-01,7
281,2023-06-01,4
281,2023-07-01,5
281,2023-10-01,6
281,2023-11-01,8
282,2023-02-01,9
282,2023-12-01,5
282,2024-01-01,7
283,2023-01-01,10
284,2023-03-01,8
284,2023-06-01,5
285,2023-02-01,7
285,2023-03-01,5
286,2023-01-01,9
286,2023-06-01,8
286,2023-08-01,5
287,2023-01-01,3
287,2023-02-01,7
288,2023-02-01,6
289,2023-10-01,6
289,2024-02-01,10
289,2024-03-01,5
289,2024-07-01,8
292,2023-02-01,10
292,2023-08-01,7
292,2024-02-01,9
293,2023-03-01,9
293,2023-04-01,5
293,2023-07-01,8
296,2023-05-01,10
296,2024-05-01,7
297,2023-04-01,9
297,2023-06-01,3
297,2023-09-01,4
297,2023-12-01,10
297,2024-04-01,6
298,2023-02-01,5
298,2023-03-01,6
298,2023-04-01,8
299,2023-07-01,7
300,2023-03-01,6
301,2023-05-01,8
302,2023-02-01,9
302,2023-05-01,8
302,2023-07-01,8
302,2023-12-01,9
303,2023-06-01,8
303,2023-08-01,6
304,2023-04-01,7
304,2023-06-01,6
306,2023-01-01,9
307,2023-03-01,8
309,2023-01-01,6
311,2023-05-01,8
311,2023-07-01,6
311,2023-09-01,7
311,2023-10-01,5
311,2023-11-01,5
311,2024-01-01,7
311,2024-03-01,7
312,2023-12-01,9
312,2024-03-01,10
312,2024-05-01,7
314,2023-01-01,7
314,2023-02-01,8
314,2023-03-01,3
316,2023-08-01,9
316,2023-09-01,6
316,2024-06-01,5
317,2023-01-01,3
318,2023-01-01,8
318,2023-07-01,10
318,2023-10-01,10
318,2023-12-01,7
318,2024-03-01,6
318,2024-04-01,6
318,2024-06-01,10
320,2023-02-01,8
320,2023-05-01,7
321,2023-01-01,3
321,2023-02-01,3
321,2023-03-01,6
322,2023-01-01,9
323,2023-03-01,6
325,2023-05-01,10
326,2023-03-01,6
326,2023-04-01,4
326,2023-05-01,9
326,2023-09-01,6
326,2024-03-01,7
327,2023-07-01,3
327,2023-10-01,6
327,2023-11-01,8
328,2023-01-01,6
328,2023-02-01,10
328,2023-04-01,4
329,2023-01-01,6
330,2023-04-01,5
330,2023-09-01,4
331,2023-01-01,5
332,2023-03-01,10
332,2023-04-01,5
332,2023-10-01,4
333,2023-05-01,8
334,2023-07-01,10
336,2023-01-01,6
336,2023-06-01,5
336,2023-07-01,6
336,2023-08-01,4
336,2023-12-01,5
337,2023-03-01,1
337,2023-04-01,8
337,2023-05-01,9
337,2023-06-01,2
337,2023-07-01,10
337,2024-06-01,8
337,2024-07-01,7
338,2023-02-01,2
338,2024-03-01,2
338,2024-08-01,8
339,2023-02-01,9
339,2023-03-01,7
339,2023-06-01,7
339,2023-10-01,4
339,2023-12-01,6
339,2024-01-01,10
339,2024-03-01,3
339,2024-07-01,10
341,2023-01-01,10
341,2023-03-01,6
341,2023-04-01,9
341,2023-08-01,3
341,2023-09-01,7
341,2023-10-01,4
341,2023-12-01,8
343,2023-01-01,9
343,2023-03-01,6
344,2023-03-01,7
344,2023-05-01,10
344,2023-06-01,7
344,2024-02-01,6
345,2023-01-01,6
345,2023-02-01,3
345,2023-05-01,5
345,2023-06-01,1
345,2023-08-01,6
345,2024-07-01,5
346,2023-02-01,5
346,2023-04-01,10
347,2023-01-01,9
347,2023-04-01,7
347,2023-12-01,5
348,2023-05-01,9
348,2023-08-01,7
349,2023-01-01,9
349,2023-04-01,10
349,2023-09-01,10
350,2023-01-01,8
352,2023-04-01,8
353,2023-02-01,9
353,2023-05-01,4
353,2023-06-01,7
353,2023-10-01,9
354,2023-04-01,10
354,2023-11-01,7
354,2024-07-01,7
356,2023-02-01,9
357,2023-06-01,5
358,2023-01-01,10
358,2024-02-01,6
358,2024-05-01,7
360,2023-05-01,10
361,2023-01-01,10
362,2023-05-01,10
362,2023-06-01,9
362,2023-09-01,6
362,2023-10-01,10
363,2023-02-01,6
363,2023-04-01,2
363,2023-05-01,7
363,2023-06-01,10
363,2023-10-01,7
363,2024-02-01,8
364,2023-01-01,8
364,2023-03-01,9
365,2023-02-01,8
365,2023-06-01,4
365,2023-08-01,6
365,2023-10-01,7
365,2023-11-01,10
366,2023-03-01,7
367,2023-01-01,5
367,2023-02-01,10
368,2023-10-01,2
368,2023-11-01,7
368,2024-05-01,7
370,2023-08-01,8
370,2023-09-01,6
371,2023-02-01,5
372,2023-02-01,5
373,2023-04-01,8
375,2023-04-01,9
375,2023-07-01,7
375,2023-08-01,7
376,2023-02-01,10
376,2023-03-01,8
376,2023-04-01,6
376,2023-06-01,5
376,2023-08-01,6
376,2023-09-01,6
376,2023-10-01,8
376,2023-12-01,5
376,2024-05-01,8
377,2023-04-01,7
377,2023-07-01,9
377,2023-09-01,5
377,2023-12-01,10
379,2023-01-01,9
379,2023-03-01,8
379,2023-04-01,8
379,2023-07-01,8
380,2023-01-01,10
380,2023-02-01,3
380,2023-09-01,6
381,2023-01-01,7
381,2023-06-01,8
381,2023-07-01,5
381,2023-11-01,7
381,2024-01-01,2
381,2024-02-01,10
381,2024-03-01,6
383,2023-01-01,8
383,2023-04-01,6
383,2023-07-01,8
383,2023-09-01,9
383,2023-12-01,7
383,2024-08-01,9
384,2023-10-01,9
384,2024-01-01,10
385,2023-02-01,3
386,2023-05-01,4
386,2023-09-01,8
386,2023-10-01,5
386,2023-12-01,10
386,2024-01-01,7
387,2023-06-01,10
387,2023-08-01,7
387,2024-07-01,10
388,2023-02-01,8
388,2023-06-01,10
389,2023-04-01,7
389,2023-05-01,5
389,2023-07-01,7
390,2023-04-01,5
391,2023-04-01,5
391,2023-07-01,4
391,2024-01-01,9
391,2024-02-01,7
391,2024-06-01,9
391,2024-08-01,6
392,2023-06-01,10
392,2023-08-01,6
392,2023-09-01,5
392,2023-12-01,7
392,2024-03-01,8
392,2024-04-01,6
393,2023-02-01,3
394,2023-04-01,7
394,2023-10-01,7
394,2023-12-01,10
394,2024-06-01,7
394,2024-08-01,7
395,2023-02-01,8
396,2023-01-01,8
397,2023-01-01,4
397,2023-04-01,10
398,2023-03-01,5
399,2023-02-01,7
399,2023-03-01,5
399,2023-04-01,5
399,2023-07-01,7
400,2023-01-01,0
400,2023-08-01,8
400,2023-10-01,8
401,2023-07-01,8
401,2023-10-01,10
401,2023-12-01,6
401,2024-08-01,8
402,2023-02-01,9
402,2023-05-01,4
402,2023-06-01,3
402,2023-07-01,8
402,2023-10-01,10
402,2024-02-01,6
402,2024-04-01,8
402,2024-08-01,10
404,2023-01-01,2
404,2023-03-01,6
405,2023-03-01,1
406,2023-02-01,6
406,2023-05-01,6
406,2023-08-01,6
406,2024-03-01,8
407,2023-05-01,4
407,2023-06-01,8
407,2023-08-01,9
407,2023-12-01,9
407,2024-01-01,6
407,2024-02-01,8
407,2024-03-01,4
407,2024-08-01,7
408,2023-05-01,8
408,2023-08-01,8
408,2023-10-01,8
409,2023-10-01,10
409,2023-11-01,8
410,2023-02-01,5
410,2023-05-01,9
410,2023-06-01,5
410,2023-07-01,7
410,2024-03-01,7
410,2024-08-01,9
411,2023-01-01,4
411,2023-03-01,6
411,2023-08-01,4
411,2023-10-01,10
411,2023-11-01,3
411,2023-12-01,6
413,2023-04-01,7
413,2023-05-01,10
413,2023-06-01,5
413,2023-07-01,10
414,2024-02-01,2
414,2024-03-01,8
414,2024-05-01,10
415,2023-02-01,10
415,2023-05-01,10
415,2023-07-01,3
416,2023-06-01,5
416,2023-10-01,5
416,2024-01-01,6
416,2024-08-01,5
417,2023-05-01,6
417,2023-07-01,6
417,2023-08-01,8
417,2023-09-01,5
417,2023-11-01,8
417,2024-07-01,1
418,2023-09-01,7
419,2023-02-01,7
419,2023-04-01,3
419,2023-05-01,5
419,2023-06-01,6
419,2023-09-01,5
419,2023-11-01,8
420,2023-02-01,3
420,2023-04-01,6
420,2023-05-01,1
420,2023-10-01,10
420,2023-11-01,4
420,2024-07-01,5
421,2023-01-01,7
424,2023-03-01,10
424,2023-04-01,8
424,2023-06-01,7
424,2024-03-01,5
424,2024-05-01,7
427,2023-09-01,10
427,2024-03-01,9
428,2023-01-01,4
428,2023-04-01,10
429,2023-01-01,9
430,2023-03-01,4
432,2023-01-01,8
432,2023-05-01,10
433,2023-01-01,10
433,2023-08-01,5
435,2023-04-01,7
435,2023-08-01,7
435,2023-10-01,4
435,2023-12-01,9
435,2024-03-01,8
438,2023-07-01,10
438,2023-09-01,9
439,2023-04-01,7
439,2023-06-01,10
439,2023-08-01,10
439,2023-09-01,10
440,2023-07-01,10
440,2023-08-01,9
440,2024-01-01,7
440,2024-03-01,9
440,2024-05-01,3
441,2023-08-01,8
442,2023-01-01,7
442,2023-02-01,10
443,2023-01-01,6
443,2023-08-01,6
443,2023-09-01,5
447,2023-02-01,10
447,2023-03-01,10
447,2023-04-01,6
447,2023-07-01,0
447,2023-08-01,8
447,2023-10-01,5
447,2023-11-01,8
448,2023-02-01,6
448,2023-04-01,10
449,2023-04-01,6
449,2023-06-01,4
451,2023-08-01,6
451,2023-09-01,3
451,2024-02-01,3
452,2023-04-01,6
452,2023-05-01,8
453,2023-01-01,10
453,2023-11-01,0
453,2024-08-01,10
454,2023-03-01,6
454,2023-04-01,7
454,2023-05-01,7
455,2023-03-01,8
457,2023-09-01,7
457,2023-12-01,3
457,2024-08-01,3
458,2023-11-01,4
458,2024-05-01,6
459,2023-04-01,10
460,2023-01-01,7
460,2023-07-01,6
460,2023-08-01,4
461,2023-03-01,5
461,2024-01-01,5
464,2023-01-01,6
464,2023-02-01,8
464,2023-09-01,8
465,2023-01-01,6
465,2023-05-01,3
465,2023-06-01,5
465,2023-08-01,8
465,2023-11-01,5
465,2024-03-01,5
465,2024-06-01,6
466,2023-09-01,9
466,2024-03-01,9
466,2024-04-01,10
468,2023-02-01,5
470,2023-01-01,6
470,2023-06-01,2
470,2023-09-01,9
470,2023-10-01,7
470,2024-07-01,7
471,2023-05-01,6
471,2024-05-01,6
471,2024-08-01,7
473,2023-01-01,10
473,2023-04-01,3
473,2023-09-01,5
475,2023-06-01,10
478,2023-02-01,9
478,2023-05-01,5
478,2024-08-01,8
479,2023-03-01,8
480,2023-01-01,7
480,2023-06-01,6
481,2023-02-01,6
481,2023-07-01,7
481,2023-11-01,7
481,2023-12-01,10
481,2024-03-01,8
481,2024-06-01,3
482,2023-05-01,10
482,2023-10-01,5
482,2023-11-01,9
482,2024-03-01,10
482,2024-04-01,5
484,2023-05-01,6
484,2023-09-01,6
484,2023-10-01,4
484,2023-11-01,6
484,2024-01-01,8
485,2023-02-01,6
486,2023-02-01,5
486,2023-04-01,2
487,2023-01-01,10
488,2023-01-01,10
488,2023-02-01,9
488,2023-04-01,7
488,2023-05-01,10
488,2023-07-01,7
488,2023-08-01,4
488,2023-10-01,7
488,2024-02-01,9
488,2024-06-01,9
489,2023-02-01,8
489,2023-03-01,8
489,2023-07-01,7
489,2023-08-01,6
489,2023-09-01,7
490,2023-06-01,6
491,2023-03-01,7
491,2023-04-01,9
491,2023-06-01,7
491,2023-08-01,8
491,2023-09-01,7
491,2023-11-01,9
492,2023-03-01,9
492,2023-07-01,3
493,2023-01-01,5
493,2023-02-01,4
493,2023-03-01,9
493,2023-06-01,5
493,2023-07-01,9
494,2023-04-01,9
494,2023-07-01,7
495,2023-03-01,3
495,2023-06-01,7
495,2023-09-01,9
496,2023-01-01,10
498,2023-04-01,6
499,2023-06-01,9
500,2023-03-01,2
502,2023-04-01,9
502,2023-05-01,10
502,2023-06-01,10
502,2023-07-01,3
503,2023-11-01,5
503,2024-01-01,4
503,2024-05-01,8
504,2023-06-01,9
504,2024-01-01,2
504,2024-03-01,7
505,2023-01-01,8
505,2023-06-01,8
507,2023-01-01,5
507,2023-03-01,10
507,2023-04-01,5
507,2023-05-01,6
509,2023-06-01,3
509,2023-07-01,4
510,2023-06-01,9
510,2023-07-01,7
510,2024-05-01,7
510,2024-07-01,7
510,2024-08-01,6
511,2023-01-01,7
513,2023-02-01,7
513,2023-03-01,7
513,2024-02-01,5
513,2024-04-01,10
513,2024-08-01,10
514,2023-02-01,7
514,2023-04-01,10
514,2023-07-01,4
514,2024-05-01,8
515,2023-03-01,10
517,2023-07-01,5
517,2023-10-01,6
517,2024-04-01,10
518,2023-01-01,8
518,2023-03-01,2
518,2023-04-01,8
518,2023-12-01,3
518,2024-03-01,6
518,2024-04-01,6
519,2023-04-01,0
520,2023-02-01,9
520,2023-07-01,6
520,2023-12-01,10
520,2024-01-01,5
520,2024-03-01,8
521,2023-01-01,4
523,2023-03-01,7
523,2023-08-01,4
524,2023-01-01,8
524,2023-02-01,6
524,2023-05-01,6
524,2023-11-01,7
527,2023-09-01,5
527,2023-12-01,5
527,2024-01-01,8
527,2024-08-01,10
529,2023-01-01,5
529,2023-03-01,9
530,2023-07-01,5
531,2023-06-01,6
532,2023-01-01,10
532,2023-02-01,7
534,2023-09-01,8
534,2024-03-01,7
534,2024-04-01,10
535,2023-01-01,8
536,2023-04-01,7
536,2023-11-01,8
536,2024-02-01,5
536,2024-04-01,10
536,2024-06-01,5
537,2023-03-01,7
537,2023-08-01,2
537,2023-10-01,4
537,2024-01-01,9
537,2024-03-01,5
537,2024-04-01,10
537,2024-05-01,6
537,2024-06-01,8
538,2023-01-01,8
539,2023-02-01,8
539,2023-04-01,7
539,2023-05-01,10
539,2023-06-01,2
539,2023-08-01,8
539,2023-10-01,10
539,2023-12-01,10
539,2024-04-01,6
539,2024-08-01,3
540,2023-01-01,9
540,2023-10-01,6
540,2023-12-01,5
541,2023-04-01,7
543,2023-06-01,6
543,2023-07-01,4
543,2023-08-01,6
544,2023-06-01,6
545,2023-05-01,5
545,2023-06-01,7
545,2023-08-01,10
546,2023-02-01,7
546,2023-04-01,6
547,2023-01-01,6
547,2023-04-01,7
547,2023-05-01,10
547,2024-03-01,3
547,2024-04-01,7
547,2024-07-01,5
548,2023-02-01,9
549,2023-01-01,4
549,2023-04-01,9
549,2023-09-01,6
549,2023-11-01,9
549,2024-02-01,7
551,2023-01-01,8
551,2023-03-01,10
551,2023-04-01,8
551,2023-05-01,9
551,2023-10-01,7
551,2023-12-01,10
552,2023-02-01,7
552,2023-04-01,10
552,2023-07-01,7
552,2023-10-01,6
552,2024-05-01,7
552,2024-06-01,8
554,2023-05-01,5
554,2023-08-01,6
554,2023-10-01,4
554,2023-11-01,6
556,2023-03-01,2
558,2023-01-01,6
558,2023-03-01,1
560,2023-03-01,10
560,2023-04-01,7
563,2023-03-01,9
563,2023-04-01,3
563,2023-05-01,3
564,2023-10-01,8
564,2023-11-01,6
564,2024-01-01,8
564,2024-03-01,10
564,2024-04-01,6
564,2024-05-01,7
564,2024-06-01,7
565,2023-01-01,8
565,2023-02-01,2
565,2023-04-01,6
565,2023-08-01,7
565,2023-12-01,10
565,2024-02-01,5
566,2023-02-01,9
566,2023-09-01,2
567,2023-11-01,7
567,2024-03-01,9
568,2023-04-01,6
569,2023-07-01,4
569,2024-03-01,6
569,2024-06-01,8
569,2024-08-01,8
570,2023-01-01,3
570,2023-02-01,9
570,2023-03-01,6
570,2023-06-01,7
570,2023-07-01,10
570,2023-11-01,8
570,2024-02-01,7
571,2023-01-01,10
571,2023-04-01,5
571,2023-05-01,10
574,2023-01-01,9
574,2023-06-01,7
575,2023-04-01,7
575,2023-10-01,4
575,2024-01-01,4
575,2024-03-01,6
575,2024-06-01,4
576,2023-04-01,10
576,2023-05-01,7
576,2023-09-01,8
576,2024-03-01,10
576,2024-04-01,3
577,2023-02-01,8
577,2023-05-01,5
579,2023-03-01,3
580,2023-04-01,7
580,2023-07-01,8
581,2023-01-01,5
581,2023-04-01,9
581,2023-06-01,8
582,2023-01-01,3
582,2023-05-01,5
584,2023-03-01,5
584,2023-09-01,5
584,2024-01-01,4
584,2024-02-01,3
585,2023-04-01,6
585,2024-01-01,0
586,2023-02-01,7
586,2023-06-01,2
587,2023-11-01,7
591,2023-02-01,10
591,2023-04-01,9
592,2023-03-01,7
593,2023-02-01,8
593,2023-03-01,5
594,2023-01-01,6
594,2023-02-01,5
594,2023-04-01,7
596,2023-01-01,10
597,2023-01-01,4
597,2023-02-01,10
598,2023-01-01,9
598,2023-02-01,10
599,2023-05-01,5
599,2023-06-01,4
599,2024-03-01,7
599,2024-07-01,10
599,2024-08-01,3
600,2023-05-01,7
601,2023-06-01,10
601,2023-07-01,6
602,2023-01-01,6
602,2023-05-01,9
602,2023-07-01,8
602,2023-09-01,6
602,2024-01-01,7
604,2023-03-01,9
605,2023-01-01,9
606,2023-03-01,5
607,2023-04-01,4
608,2023-01-01,8
608,2023-03-01,7
608,2023-09-01,5
608,2023-11-01,10
608,2024-01-01,9
609,2023-02-01,8
609,2023-05-01,1
609,2023-10-01,5
611,2023-01-01,10
611,2023-05-01,4
611,2023-06-01,9
612,2023-03-01,7
612,2023-08-01,9
612,2023-12-01,10
612,2024-07-01,6
613,2023-04-01,10
613,2023-05-01,7
613,2023-08-01,2
613,2023-12-01,6
613,2024-05-01,10
613,2024-06-01,6
613,2024-07-01,7
614,2023-02-01,3
614,2023-04-01,5
615,2023-01-01,4
615,2023-05-01,7
615,2023-12-01,5
615,2024-01-01,5
615,2024-05-01,10
615,2024-06-01,10
615,2024-07-01,7
615,2024-08-01,5
616,2023-07-01,5
617,2023-01-01,7
618,2023-01-01,5
619,2023-05-01,9
619,2023-07-01,9
619,2023-08-01,7
619,2024-05-01,10
620,2023-01-01,7
620,2023-02-01,6
621,2023-04-01,8
621,2023-07-01,1
622,2023-02-01,6
622,2023-04-01,2
622,2023-06-01,9
623,2023-07-01,3
623,2023-08-01,8
624,2023-03-01,8
624,2023-04-01,4
624,2023-06-01,9
625,2023-06-01,8
625,2023-12-01,8
626,2023-01-01,6
626,2023-03-01,8
626,2023-06-01,3
627,2023-03-01,8
627,2023-04-01,6
627,2023-10-01,3
627,2024-04-01,5
627,2024-05-01,9
629,2023-05-01,10
630,2023-01-01,5
631,2023-01-01,9
631,2023-02-01,6
632,2023-01-01,10
632,2023-05-01,6
632,2023-07-01,3
632,2023-09-01,9
632,2023-12-01,4
632,2024-01-01,10
632,2024-02-01,4
632,2024-03-01,10
633,2023-03-01,8
633,2023-09-01,8
633,2024-07-01,6
635,2023-01-01,7
635,2023-05-01,6
635,2023-07-01,6
635,2023-10-01,10
635,2023-11-01,5
636,2023-03-01,5
636,2023-11-01,4
636,2024-03-01,7
636,2024-08-01,7
637,2023-01-01,8
641,2023-03-01,4
642,2023-03-01,7
642,2023-08-01,7
642,2024-04-01,9
643,2023-01-01,8
643,2023-03-01,5
643,2023-07-01,6
643,2023-10-01,7
643,2024-01-01,8
643,2024-03-01,6
643,2024-04-01,9
643,2024-06-01,10
644,2023-02-01,5
644,2023-03-01,10
644,2023-04-01,6
645,2023-01-01,7
645,2023-02-01,10
645,2023-03-01,7
646,2023-02-01,6
649,2023-06-01,9
649,2023-08-01,9
649,2024-02-01,6
649,2024-05-01,5
649,2024-07-01,4
652,2023-01-01,6
652,2023-04-01,9
652,2023-06-01,6
652,2023-08-01,7
653,2023-05-01,6
655,2023-01-01,10
655,2023-02-01,9
656,2023-03-01,10
657,2023-01-01,4
657,2023-02-01,6
658,2023-04-01,3
658,2023-07-01,7
658,2024-04-01,5
658,2024-06-01,10
658,2024-08-01,5
659,2023-05-01,7
659,2023-10-01,6
660,2023-10-01,9
660,2023-11-01,5
660,2023-12-01,7
660,2024-01-01,7
660,2024-06-01,8
661,2023-05-01,10
662,2023-02-01,9
663,2023-01-01,6
663,2023-04-01,5
663,2023-05-01,7
664,2023-03-01,7
665,2023-04-01,4
665,2023-11-01,10
665,2024-02-01,5
667,2023-08-01,2
667,2024-06-01,10
667,2024-07-01,10
668,2023-06-01,10
669,2023-02-01,5
670,2023-06-01,3
670,2023-08-01,7
671,2023-01-01,5
672,2023-02-01,5
672,2023-03-01,6
673,2023-05-01,8
673,2023-06-01,9
673,2023-09-01,9
673,2024-06-01,10
674,2023-01-01,7
674,2023-05-01,8
674,2023-12-01,6
674,2024-03-01,4
674,2024-07-01,6
675,2023-03-01,9
675,2023-04-01,5
676,2023-01-01,7
676,2023-02-01,5
677,2023-01-01,4
678,2023-02-01,6
678,2023-05-01,8
678,2023-07-01,5
678,2024-01-01,10
679,2023-02-01,9
679,2023-04-01,5
681,2023-09-01,2
681,2023-11-01,5
681,2023-12-01,8
681,2024-02-01,6
683,2023-03-01,4
684,2023-04-01,6
684,2023-06-01,6
684,2023-08-01,10
685,2023-04-01,3
685,2023-06-01,9
685,2023-08-01,8
685,2023-10-01,7
686,2023-02-01,7
686,2023-04-01,4
687,2023-04-01,10
689,2023-01-01,6
689,2023-04-01,6
689,2023-06-01,8
689,2023-09-01,8
689,2024-03-01,5
689,2024-04-01,8
689,2024-06-01,10
690,2023-06-01,6
690,2023-10-01,8
693,2023-02-01,4
693,2023-04-01,8
694,2023-04-01,5
694,2023-05-01,7
694,2023-11-01,6
696,2023-01-01,8
696,2023-02-01,4
696,2023-12-01,7
697,2023-04-01,4
697,2023-05-01,5
698,2023-05-01,9
698,2023-10-01,7
698,2024-01-01,9
699,2023-02-01,10
699,2023-06-01,10
699,2024-02-01,7
699,2024-05-01,10
699,2024-07-01,5
700,2023-01-01,4
700,2023-05-01,7
701,2023-02-01,8
703,2023-01-01,8
703,2023-03-01,7
704,2023-01-01,10
704,2023-04-01,6
706,2023-07-01,5
707,2023-02-01,5
708,2023-08-01,7
708,2024-02-01,8
708,2024-06-01,6
708,2024-07-01,7
709,2023-02-01,9
709,2023-03-01,9
710,2023-01-01,9
710,2023-05-01,4
710,2023-10-01,7
711,2023-01-01,10
711,2023-02-01,4
711,2023-03-01,7
711,2023-07-01,7
711,2023-10-01,7
712,2023-01-01,7
712,2023-04-01,4
712,2023-05-01,3
712,2023-07-01,6
712,2023-09-01,7
712,2023-12-01,9
712,2024-01-01,10
713,2023-02-01,9
713,2023-05-01,8
713,2023-06-01,9
714,2023-02-01,9
714,2023-04-01,2
716,2023-01-01,10
716,2023-04-01,5
716,2023-06-01,2
716,2023-08-01,4
716,2023-09-01,7
718,2023-02-01,0
718,2023-07-01,6
719,2023-02-01,3
720,2023-05-01,9
722,2023-03-01,6
722,2023-05-01,6
723,2023-01-01,7
723,2023-09-01,10
723,2024-01-01,7
723,2024-03-01,10
723,2024-05-01,2
725,2023-09-01,5
725,2023-12-01,3
725,2024-03-01,7
725,2024-05-01,4
725,2024-06-01,7
726,2023-04-01,6
726,2023-10-01,4
726,2023-12-01,8
726,2024-03-01,5
727,2023-03-01,9
727,2023-08-01,6
728,2023-03-01,7
729,2023-04-01,4
729,2023-06-01,3
729,2023-10-01,3
729,2023-11-01,10
729,2024-07-01,9
730,2023-02-01,10
730,2023-07-01,10
730,2023-08-01,8
732,2023-02-01,6
732,2023-03-01,7
733,2023-01-01,8
733,2023-03-01,9
733,2023-12-01,10
733,2024-04-01,5
733,2024-06-01,7
734,2023-03-01,4
734,2023-04-01,6
735,2023-01-01,5
735,2023-02-01,8
735,2023-03-01,5
735,2023-04-01,6
735,2023-05-01,8
735,2023-07-01,6
735,2023-08-01,9
735,2023-12-01,10
735,2024-03-01,7
735,2024-04-01,5
736,2023-01-01,6
736,2023-09-01,6
736,2023-11-01,7
738,2024-05-01,8
738,2024-07-01,8
739,2023-04-01,8
739,2023-05-01,6
740,2023-03-01,9
740,2023-04-01,7
740,2023-06-01,6
740,2023-09-01,9
741,2023-02-01,6
741,2023-08-01,9
742,2023-01-01,4
742,2023-06-01,8
742,2023-08-01,4
742,2023-09-01,9
742,2023-11-01,5
742,2023-12-01,4
742,2024-01-01,3
743,2023-01-01,5
744,2023-10-01,9
744,2023-11-01,9
745,2023-01-01,2
746,2023-07-01,10
747,2023-03-01,4
747,2023-11-01,4
747,2023-12-01,7
748,2023-01-01,8
749,2023-01-01,5
749,2023-06-01,9
749,2023-12-01,7
749,2024-04-01,10
749,2024-08-01,8
750,2023-02-01,6
750,2023-04-01,3
750,2023-06-01,7
751,2023-05-01,3
752,2023-04-01,5
752,2023-07-01,4
753,2023-02-01,4
753,2023-03-01,4
753,2023-07-01,9
753,2023-09-01,5
753,2023-10-01,10
753,2023-12-01,10
753,2024-01-01,6
753,2024-04-01,7
754,2023-03-01,10
754,2023-04-01,9
754,2023-05-01,0
755,2023-02-01,10
756,2023-01-01,6
756,2023-03-01,7
756,2023-05-01,7
756,2023-06-01,6
757,2023-04-01,9
757,2023-06-01,8
757,2023-07-01,8
759,2023-07-01,7
759,2024-01-01,5
759,2024-04-01,10
759,2024-05-01,8
759,2024-07-01,9
760,2023-03-01,8
760,2023-05-01,10
760,2023-06-01,6
762,2023-01-01,5
762,2023-05-01,1
763,2023-03-01,2
763,2023-04-01,10
763,2023-09-01,7
763,2023-11-01,7
763,2024-05-01,5
764,2023-08-01,6
764,2023-10-01,9
765,2023-07-01,4
765,2023-10-01,8
766,2023-03-01,5
766,2023-10-01,10
766,2023-11-01,10
766,2023-12-01,6
767,2023-01-01,4
768,2023-01-01,9
768,2023-04-01,3
768,2023-05-01,4
768,2023-10-01,9
768,2024-01-01,9
768,2024-02-01,2
768,2024-03-01,9
768,2024-05-01,8
768,2024-06-01,7
769,2023-01-01,9
770,2023-01-01,2
772,2023-09-01,8
772,2024-04-01,9
772,2024-06-01,5
773,2023-01-01,7
773,2023-06-01,8
773,2023-08-01,8
773,2023-09-01,5
773,2023-11-01,6
773,2024-03-01,8
773,2024-04-01,8
773,2024-05-01,6
774,2023-10-01,6
775,2023-05-01,6
775,2023-08-01,10
775,2023-09-01,6
777,2023-02-01,7
777,2023-07-01,7
777,2023-08-01,9
777,2023-11-01,9
777,2024-02-01,4
778,2023-06-01,6
778,2023-08-01,7
778,2023-09-01,5
779,2023-01-01,5
779,2023-03-01,4
779,2023-12-01,8
779,2024-02-01,10
780,2023-02-01,8
780,2023-06-01,8
780,2023-10-01,7
780,2024-04-01,8
782,2023-03-01,8
782,2023-12-01,5
782,2024-01-01,10
782,2024-07-01,10
783,2023-02-01,7
783,2023-03-01,10
783,2024-01-01,7
783,2024-02-01,3
783,2024-08-01,6
784,2023-09-01,8
784,2023-10-01,5
784,2024-04-01,9
784,2024-05-01,8
785,2023-02-01,7
785,2023-09-01,7
785,2024-02-01,7
786,2023-02-01,5
787,2023-01-01,10
787,2023-03-01,10
787,2023-05-01,2
787,2023-06-01,9
787,2023-07-01,7
787,2023-08-01,3
787,2024-01-01,9
787,2024-02-01,8
787,2024-04-01,5
787,2024-05-01,9
787,2024-08-01,2
789,2023-06-01,7
789,2023-10-01,10
790,2023-05-01,9
791,2023-02-01,9
791,2023-03-01,10
791,2023-04-01,9
791,2023-08-01,5
791,2024-02-01,8
792,2023-02-01,10
792,2023-06-01,10
794,2023-02-01,6
794,2023-05-01,8
795,2023-04-01,4
795,2023-07-01,10
795,2023-11-01,4
795,2024-02-01,10
795,2024-07-01,1
795,2024-08-01,7
796,2023-01-01,4
796,2023-05-01,4
796,2023-11-01,8
797,2023-02-01,10
797,2023-09-01,6
797,2024-01-01,6
797,2024-04-01,8
799,2023-04-01,7
802,2023-01-01,7
802,2023-09-01,10
803,2023-01-01,7
803,2023-04-01,7
803,2023-06-01,10
803,2024-02-01,4
803,2024-05-01,8
804,2023-02-01,9
806,2023-03-01,10
806,2023-04-01,10
806,2023-05-01,7
807,2023-08-01,6
807,2023-09-01,9
807,2023-11-01,7
807,2024-01-01,8
807,2024-06-01,8
808,2023-01-01,8
810,2023-04-01,4
810,2023-06-01,7
810,2023-07-01,5
811,2023-01-01,10
811,2023-02-01,4
811,2023-03-01,8
812,2023-08-01,8
813,2023-02-01,8
813,2023-05-01,4
813,2023-08-01,9
813,2023-11-01,7
813,2024-01-01,10
813,2024-06-01,8
814,2023-01-01,3
814,2023-02-01,10
814,2023-07-01,6
814,2023-08-01,6
815,2023-04-01,5
816,2023-02-01,8
816,2023-03-01,6
816,2023-06-01,10
816,2023-09-01,10
816,2023-12-01,5
816,2024-03-01,7
817,2023-04-01,2
817,2023-11-01,3
817,2023-12-01,7
817,2024-01-01,5
817,2024-02-01,1
817,2024-03-01,10
818,2023-05-01,10
818,2023-07-01,8
819,2023-02-01,5
819,2023-05-01,0
819,2023-06-01,7
819,2023-10-01,7
819,2023-11-01,7
820,2023-01-01,10
820,2023-02-01,3
822,2023-02-01,7
823,2023-04-01,7
823,2023-06-01,9
824,2023-03-01,9
824,2023-05-01,6
824,2023-07-01,6
824,2023-09-01,7
824,2023-12-01,10
824,2024-01-01,7
824,2024-03-01,10
824,2024-04-01,9
824,2024-07-01,4
825,2023-02-01,5
825,2023-03-01,8
825,2023-05-01,1
825,2023-07-01,6
825,2024-02-01,5
825,2024-03-01,7
825,2024-04-01,5
825,2024-05-01,4
826,2023-03-01,8
826,2023-04-01,4
826,2023-05-01,5
826,2024-02-01,6
826,2024-06-01,6
826,2024-08-01,10
827,2023-06-01,6
828,2023-05-01,3
830,2023-01-01,6
831,2023-03-01,7
831,2023-04-01,6
832,2023-05-01,6
832,2023-06-01,10
832,2023-12-01,7
832,2024-04-01,5
832,2024-07-01,7
832,2024-08-01,5
833,2023-02-01,7
833,2023-05-01,8
833,2023-06-01,8
833,2023-10-01,4
833,2023-12-01,5
833,2024-02-01,8
835,2023-03-01,4
836,2023-03-01,0
836,2023-06-01,4
836,2023-07-01,8
836,2023-08-01,4
836,2023-10-01,10
836,2023-12-01,7
836,2024-01-01,10
837,2023-02-01,5
837,2023-04-01,4
837,2023-06-01,8
838,2023-05-01,10
839,2023-01-01,5
839,2023-03-01,5
839,2024-01-01,8
839,2024-03-01,5
839,2024-04-01,6
839,2024-06-01,6
840,2023-01-01,6
840,2023-05-01,7
841,2023-04-01,9
841,2023-05-01,6
842,2023-01-01,3
842,2023-05-01,5
842,2023-10-01,8
842,2024-08-01,8
843,2023-03-01,7
843,2023-07-01,6
843,2024-03-01,7
843,2024-05-01,7
844,2023-01-01,8
844,2023-02-01,1
844,2023-03-01,9
844,2023-04-01,6
844,2023-05-01,7
844,2023-10-01,6
844,2024-01-01,10
845,2023-05-01,5
846,2023-01-01,9
846,2023-02-01,1
846,2023-03-01,9
846,2023-07-01,8
846,2023-10-01,9
846,2023-11-01,7
847,2023-10-01,10
848,2023-02-01,9
849,2023-02-01,3
849,2023-04-01,7
850,2023-02-01,8
851,2023-01-01,8
851,2023-04-01,6
851,2023-06-01,4
851,2023-07-01,5
851,2023-09-01,7
853,2023-05-01,9
853,2023-07-01,3
853,2023-11-01,5
853,2024-08-01,10
854,2023-01-01,5
854,2023-02-01,7
854,2023-06-01,9
855,2023-03-01,6
855,2023-06-01,5
855,2023-07-01,9
857,2023-04-01,2
857,2023-05-01,5
857,2023-06-01,6
857,2023-08-01,8
857,2023-09-01,6
858,2023-03-01,10
859,2023-05-01,8
859,2023-07-01,9
860,2023-09-01,4
860,2024-01-01,6
861,2023-01-01,6
861,2023-02-01,5
861,2023-05-01,0
863,2023-01-01,7
865,2023-11-01,7
866,2023-01-01,8
867,2023-03-01,7
868,2023-11-01,10
868,2023-12-01,5
868,2024-01-01,9
868,2024-03-01,6
868,2024-04-01,9
868,2024-05-01,6
868,2024-08-01,8
869,2023-03-01,6
870,2023-01-01,10
870,2023-04-01,7
870,2023-07-01,5
870,2023-12-01,7
871,2023-02-01,10
871,2023-06-01,6
871,2023-09-01,7
871,2024-02-01,1
871,2024-03-01,10
871,2024-04-01,7
871,2024-05-01,10
872,2023-05-01,8
872,2023-07-01,7
872,2024-01-01,7
873,2023-01-01,7
873,2023-10-01,5
874,2023-01-01,3
874,2023-02-01,9
874,2023-03-01,5
874,2023-06-01,7
874,2023-07-01,4
874,2023-08-01,5
874,2023-09-01,8
874,2023-11-01,8
874,2024-07-01,8
876,2023-01-01,5
876,2023-04-01,7
876,2024-03-01,7
878,2023-03-01,8
879,2023-01-01,9
879,2023-02-01,10
879,2023-09-01,4
880,2023-01-01,10
880,2023-03-01,9
881,2023-05-01,6
881,2024-01-01,7
881,2024-05-01,4
884,2023-03-01,10
884,2023-04-01,9
884,2023-06-01,10
884,2023-07-01,8
884,2023-11-01,8
885,2023-05-01,6
886,2023-02-01,7
886,2023-08-01,8
888,2023-06-01,7
888,2023-09-01,5
888,2023-12-01,3
889,2023-02-01,10
889,2023-06-01,3
889,2023-07-01,10
889,2024-03-01,7
889,2024-04-01,7
890,2023-01-01,10
891,2023-03-01,6
891,2023-04-01,8
891,2023-06-01,9
893,2023-06-01,7
893,2023-07-01,7
894,2023-03-01,2
894,2023-05-01,8
895,2023-01-01,8
895,2024-06-01,10
897,2023-01-01,4
897,2023-02-01,8
898,2023-04-01,7
898,2023-05-01,8
898,2023-08-01,8
899,2023-01-01,6
900,2023-06-01,5
900,2023-07-01,5
900,2023-08-01,7
900,2023-10-01,6
900,2024-03-01,10
